mouse_moves,mouse_clicks,keystrokes,scrolls,time_spent,label
350,28,85,22,450,0
420,35,120,30,520,0
280,22,65,18,380,0
395,30,95,25,490,0
310,25,78,20,420,0
45,3,8,2,65,1
32,2,5,1,42,1
58,4,12,3,78,1
29,2,4,1,35,1
63,5,10,2,71,1
365,29,88,23,460,0
275,21,62,17,365,0
410,33,115,28,510,0
330,26,80,21,430,0
290,23,70,19,395,0
37,3,7,1,48,1
52,4,9,2,60,1
41,2,6,1,39,1
66,5,11,3,82,1
34,2,5,1,30,1
380,31,92,24,475,0
300,24,72,20,410,0
430,34,125,32,530,0
355,28,86,22,455,0
265,20,60,16,350,0
48,3,8,2,55,1
25,1,3,0,28,1
70,6,13,4,85,1
39,3,7,1,44,1
54,4,10,2,66,1
315,25,77,20,425,0
400,32,105,27,500,0
285,22,68,19,390,0
370,29,90,23,470,0
335,26,82,21,440,0
44,3,7,2,58,1
67,5,12,3,80,1
31,2,5,1,40,1
59,4,11,3,75,1
38,3,6,1,46,1
325,26,79,21,435,0
385,30,98,26,495,0
295,23,71,19,400,0
360,28,87,22,465,0
305,24,73,20,415,0
51,4,9,2,62,1
36,2,6,1,43,1
72,6,14,4,88,1
42,3,8,1,50,1
65,5,11,3,79,1
340,27,83,21,445,0
390,31,100,26,505,0
275,21,63,17,370,0
415,33,110,29,515,0
320,25,76,20,428,0
46,3,8,2,56,1
33,2,5,1,41,1
60,4,11,3,73,1
27,2,4,1,32,1
68,5,12,3,81,1
330,26,80,21,432,0
405,32,102,27,508,0
288,22,69,19,392,0
375,29,93,24,480,0
298,23,72,19,398,0
49,3,8,2,57,1
35,2,6,1,44,1
74,6,15,4,90,1
40,3,7,1,47,1
62,5,10,2,76,1
345,27,84,22,448,0
395,31,97,25,498,0
310,24,75,20,418,0
425,34,118,30,525,0
285,22,67,18,388,0
43,3,7,2,54,1
30,2,5,1,37,1
55,4,10,2,68,1
26,2,4,1,31,1
69,5,12,3,83,1
335,26,81,21,438,0
410,33,108,28,512,0
292,23,70,19,395,0
365,28,89,23,472,0
302,24,74,20,408,0
47,3,8,2,59,1
34,2,6,1,45,1
61,4,11,3,74,1
28,2,4,1,33,1
71,6,13,4,86,1
328,26,79,21,434,0
400,32,103,27,506,0
287,22,68,19,391,0
378,29,94,24,482,0
296,23,71,19,397,0
50,3,9,2,61,1
36,2,6,1,42,1
64,5,11,3,77,1
41,3,7,1,49,1
57,4,10,2,70,1
342,27,82,21,442,0
408,33,106,28,518,0
289,22,69,19,393,0
372,29,91,23,478,0
299,23,72,19,399,0
44,3,8,2,53,1
32,2,5,1,39,1
58,4,11,3,72,1
24,2,4,1,29,1
67,5,12,3,80,1
337,27,83,21,441,0
402,32,104,27,509,0
283,22,66,18,387,0
368,28,88,23,474,0
294,23,70,19,396,0
46,3,8,2,55,1
33,2,6,1,40,1
63,5,11,3,78,1
39,3,7,1,46,1
56,4,10,2,69,1
332,26,80,21,436,0
398,31,101,26,504,0
291,23,69,19,394,0
362,28,86,22,468,0
301,24,73,20,412,0
45,3,8,2,54,1
31,2,5,1,38,1
59,4,11,3,71,1
25,2,4,1,30,1
66,5,12,3,79,1
325,26,78,20,430,0
395,30,96,25,496,0
286,22,67,18,389,0
358,28,85,22,463,0
297,23,71,19,401,0
43,3,7,2,52,1
29,2,5,1,36,1
54,4,10,2,67,1
22,1,3,0,26,1
65,5,11,3,75,1
340,27,82,21,444,0
412,33,109,29,521,0
293,23,70,19,397,0
366,28,87,22,469,0
304,24,74,20,414,0
48,3,8,2,60,1
35,2,6,1,43,1
62,5,11,3,76,1
40,3,7,1,48,1
55,4,10,2,68,1
330,26,79,21,432,0
404,32,105,27,511,0
284,22,66,18,386,0
376,29,92,24,484,0
295,23,71,19,402,0
42,3,7,2,51,1
30,2,5,1,37,1
57,4,10,2,70,1
23,2,4,1,27,1
64,5,11,3,74,1
335,26,81,21,439,0
406,33,107,28,516,0
288,22,68,19,390,0
370,29,90,23,476,0
298,23,72,19,400,0
47,3,8,2,58,1
34,2,6,1,44,1
61,4,11,3,73,1
38,3,7,1,45,1
53,4,9,2,65,1
328,26,80,21,435,0
398,31,102,26,507,0
289,22,69,19,392,0
364,28,88,23,471,0
300,24,73,20,416,0
44,3,8,2,53,1
32,2,5,1,39,1
60,4,11,3,72,1
26,2,4,1,31,1
68,5,12,3,82,1
333,27,81,21,440,0
410,33,110,29,522,0
292,23,70,19,395,0
368,28,89,23,473,0
303,24,74,20,417,0
49,3,9,2,62,1
36,2,6,1,42,1
63,5,11,3,77,1
41,3,7,1,49,1
58,4,10,2,71,1
327,26,79,21,433,0
402,32,104,27,510,0
285,22,67,18,388,0
374,29,91,24,485,0
296,23,71,19,401,0
43,3,7,2,52,1
31,2,5,1,38,1
59,4,11,3,74,1
27,2,4,1,32,1
67,5,12,3,81,1
336,27,82,21,442,0
408,33,108,28,520,0
294,23,71,19,398,0
372,29,92,24,486,0
305,24,75,20,419,0
50,3,9,2,63,1
37,2,6,1,44,1
65,5,12,3,79,1
42,3,8,1,50,1
60,4,11,3,75,1
329,26,80,21,437,0
400,32,103,27,508,0
286,22,68,18,389,0
366,28,87,22,470,0
299,23,72,19,403,0
45,3,8,2,56,1
33,2,5,1,41,1
62,5,11,3,76,1
39,3,7,1,47,1
56,4,10,2,69,1
334,27,81,21,443,0
412,33,111,29,523,0
297,23,72,19,404,0
370,29,93,24,487,0
308,24,76,20,421,0
52,3,9,2,64,1
38,2,6,1,45,1
66,5,12,3,80,1
43,3,8,1,51,1
61,4,11,3,77,1
331,26,80,21,438,0
404,32,105,27,512,0
287,22,68,19,391,0
368,28,88,23,472,0
302,24,74,20,417,0
46,3,8,2,57,1
34,2,6,1,43,1
64,5,11,3,78,1
40,3,7,1,48,1
59,4,10,2,72,1
338,27,83,21,445,0
414,33,112,29,524,0
295,23,71,19,399,0
374,29,94,24,488,0
310,25,77,20,425,0
54,3,9,2,66,1
39,2,6,1,46,1
68,5,12,3,81,1
44,3,8,1,52,1
62,4,11,3,78,1
332,26,81,21,439,0
406,33,109,28,521,0
288,22,69,19,392,0
372,29,92,24,486,0
304,24,75,20,418,0
48,3,8,2,59,1
35,2,6,1,44,1
63,5,11,3,77,1
41,3,7,1,49,1
57,4,10,2,70,1
336,27,82,21,443,0
410,33,110,29,522,0
290,23,70,19,396,0
376,29,93,24,489,0
306,24,76,20,420,0
51,3,9,2,65,1
37,2,6,1,45,1
65,5,12,3,79,1
42,3,8,1,50,1
60,4,11,3,76,1
330,26,80,21,436,0
402,32,104,27,509,0
289,22,69,19,393,0
370,29,91,23,477,0
301,24,74,20,415,0
47,3,8,2,58,1
34,2,6,1,43,1
62,5,11,3,75,1
40,3,7,1,47,1
58,4,10,2,71,1
334,27,81,21,442,0
408,33,108,28,518,0
291,23,70,19,395,0
374,29,92,24,485,0
303,24,75,20,416,0
49,3,9,2,61,1
36,2,6,1,42,1
64,5,12,3,78,1
41,3,7,1,48,1
59,4,11,3,73,1
328,26,79,21,434,0
400,32,103,27,506,0
286,22,68,18,390,0
366,28,88,23,472,0
299,23,72,19,402,0
45,3,8,2,56,1
33,2,5,1,40,1
61,4,11,3,74,1
39,3,7,1,46,1
56,4,10,2,69,1
332,26,80,21,437,0
404,32,105,27,510,0
287,22,68,19,391,0
368,28,89,23,473,0
300,24,73,20,414,0
46,3,8,2,57,1
34,2,6,1,43,1
63,5,11,3,76,1
40,3,7,1,47,1
57,4,10,2,70,1
336,27,82,21,443,0
410,33,109,29,519,0
292,23,70,19,396,0
372,29,91,24,484,0
302,24,74,20,417,0
48,3,8,2,59,1
35,2,6,1,44,1
65,5,12,3,80,1
41,3,7,1,49,1
58,4,10,2,71,1
330,26,79,21,435,0
402,32,104,27,507,0
288,22,69,19,392,0
370,29,90,23,475,0
301,24,73,20,415,0
47,3,8,2,58,1
34,2,6,1,43,1
62,5,11,3,75,1
39,3,7,1,46,1
55,4,10,2,68,1
334,27,81,21,441,0
406,33,107,28,516,0
293,23,71,19,397,0
374,29,92,24,483,0
304,24,75,20,418,0
49,3,9,2,60,1
36,2,6,1,42,1
64,5,12,3,79,1
42,3,8,1,50,1
60,4,11,3,76,1
329,26,80,21,436,0
400,32,102,26,505,0
289,22,69,19,393,0
368,28,88,23,471,0
299,23,72,19,401,0
46,3,8,2,57,1
33,2,5,1,41,1
61,4,11,3,74,1
40,3,7,1,47,1
56,4,10,2,69,1
333,27,81,21,440,0
408,33,108,28,517,0
294,23,71,19,398,0
376,29,93,24,486,0
305,24,76,20,419,0
50,3,9,2,62,1
37,2,6,1,44,1
66,5,12,3,81,1
43,3,8,1,51,1
62,4,11,3,77,1
331,26,80,21,437,0
402,32,104,27,508,0
290,23,70,19,395,0
372,29,92,24,484,0
303,24,74,20,416,0
48,3,8,2,59,1
35,2,6,1,43,1
63,5,11,3,76,1
41,3,7,1,48,1
59,4,10,2,72,1
335,27,82,21,442,0
410,33,110,29,520,0
295,23,71,19,399,0
378,29,94,24,487,0
307,24,77,20,422,0
52,3,9,2,64,1
38,2,6,1,45,1
67,5,12,3,82,1
44,3,8,1,52,1
63,4,11,3,78,1
333,26,81,21,438,0
406,33,109,28,519,0
292,23,70,19,396,0
374,29,93,24,485,0
304,24,75,20,418,0
49,3,9,2,61,1
36,2,6,1,42,1
64,5,12,3,79,1
42,3,8,1,50,1
60,4,11,3,76,1
329,26,80,21,435,0
400,32,103,27,506,0
289,22,69,19,393,0
370,29,91,23,476,0
301,24,74,20,415,0
47,3,8,2,58,1
34,2,6,1,43,1
62,5,11,3,75,1
40,3,7,1,47,1
57,4,10,2,70,1
331,26,80,21,436,0
404,32,105,27,509,0
290,23,70,19,394,0
372,29,92,24,483,0
302,24,74,20,416,0
48,3,8,2,59,1
35,2,6,1,44,1
63,5,11,3,76,1
41,3,7,1,48,1
58,4,10,2,71,1
333,27,81,21,439,0
408,33,108,28,517,0
293,23,71,19,397,0
376,29,93,24,486,0
305,24,76,20,419,0
50,3,9,2,62,1
37,2,6,1,44,1
65,5,12,3,80,1
42,3,8,1,50,1
61,4,11,3,77,1
330,26,79,21,434,0
402,32,104,27,507,0
291,23,70,19,395,0
374,29,92,24,484,0
303,24,75,20,417,0
49,3,9,2,60,1
36,2,6,1,42,1
64,5,12,3,79,1
41,3,7,1,48,1
59,4,10,2,72,1
332,26,80,21,437,0
406,33,107,28,515,0
294,23,71,19,398,0
378,29,94,24,488,0
306,24,76,20,420,0
51,3,9,2,63,1
38,2,6,1,45,1
66,5,12,3,81,1
43,3,8,1,51,1
62,4,11,3,78,1
329,26,80,21,435,0
400,32,102,26,504,0
292,23,70,19,396,0
376,29,93,24,485,0
304,24,75,20,418,0
48,3,8,2,58,1
35,2,6,1,43,1
63,5,11,3,76,1
41,3,7,1,48,1
58,4,10,2,71,1
331,26,80,21,436,0
404,32,105,27,508,0
293,23,71,19,397,0
380,30,95,25,490,0
307,24,77,20,421,0
52,3,9,2,64,1
38,2,6,1,45,1
67,5,12,3,82,1
44,3,8,1,52,1
63,4,11,3,78,1
333,27,82,21,440,0
408,33,109,28,518,0
295,23,71,19,399,0
382,30,96,25,492,0
309,25,78,20,424,0
54,3,9,2,66,1
39,2,6,1,46,1
68,5,12,3,83,1
45,3,8,1,53,1
64,4,11,3,79,1
335,27,83,21,443,0
410,33,111,29,522,0
297,23,72,19,402,0
384,30,97,25,494,0
312,25,80,20,428,0
56,3,10,2,68,1
40,2,6,1,47,1
70,6,13,4,85,1
46,3,8,1,54,1
66,5,12,3,81,1
337,27,84,22,445,0
415,34,115,30,528,0
300,24,73,20,425,0
388,31,100,26,500,0
315,25,82,20,432,0
58,4,10,2,70,1
42,3,7,1,49,1
72,6,14,4,87,1
48,3,9,1,56,1
68,5,13,3,83,1
340,27,85,22,448,0
420,34,118,30,532,0
305,24,75,20,430,0
392,31,102,26,504,0
320,26,85,21,440,0
60,4,11,3,72,1
44,3,8,1,51,1
74,6,15,4,89,1
50,3,9,1,58,1
70,6,13,4,85,1
342,28,86,22,450,0
425,35,120,31,535,0
308,24,77,20,433,0
395,32,105,27,508,0
325,26,87,21,445,0
62,4,11,3,74,1
46,3,8,1,53,1
76,6,15,4,91,1
52,3,9,1,60,1
72,6,14,4,87,1
345,28,87,22,452,0
430,35,122,31,538,0
312,25,79,20,436,0
400,32,107,27,512,0
330,26,88,21,448,0
64,4,12,3,76,1
48,3,9,1,55,1
78,6,16,4,93,1
54,3,10,1,62,1
74,6,15,4,89,1
348,28,88,23,455,0
435,35,125,32,542,0
315,25,80,20,439,0
405,33,110,28,516,0
335,27,90,22,452,0
66,4,12,3,78,1
50,3,9,1,57,1
80,6,16,4,95,1
56,3,10,1,64,1
76,6,15,4,91,1
350,29,89,23,458,0
440,36,128,32,545,0
318,25,82,20,442,0
410,33,112,28,520,0
340,27,92,22,456,0
68,4,13,3,80,1
52,3,10,1,59,1
82,6,17,4,97,1
58,3,11,1,66,1
78,6,16,4,93,1
355,29,90,23,462,0
445,36,130,33,550,0
322,26,85,21,446,0
415,34,115,29,525,0
345,28,94,23,460,0
70,4,13,3,82,1
54,3,10,1,61,1
84,7,18,5,99,1
60,4,11,1,68,1
80,6,17,4,95,1
360,30,92,24,465,0
450,37,132,33,555,0
325,26,87,21,449,0
420,34,118,30,530,0
350,28,96,23,464,0
72,4,14,3,84,1
56,3,11,1,63,1
86,7,19,5,101,1
62,4,12,1,70,1
82,6,18,4,97,1
365,30,93,24,468,0
455,37,135,34,560,0
328,26,88,21,452,0
425,35,120,30,535,0
355,29,98,24,468,0
74,4,14,3,86,1
58,3,11,1,65,1
88,7,20,5,103,1
64,4,12,1,72,1
84,7,18,5,99,1
370,31,95,25,472,0
460,38,138,34,565,0
332,27,90,22,456,0
430,35,122,31,540,0
360,29,100,24,472,0
76,4,15,3,88,1
60,3,12,1,67,1
90,7,21,5,105,1
66,4,13,1,74,1
86,7,19,5,101,1
375,31,96,25,475,0
465,38,140,35,570,0
335,27,92,22,460,0
435,36,125,32,545,0
365,30,102,25,476,0
78,4,15,3,90,1
62,3,12,1,69,1
92,7,22,5,107,1
68,4,13,1,76,1
88,7,20,5,103,1
380,32,98,25,478,0
470,39,142,35,575,0
338,27,94,22,464,0
440,36,128,32,550,0
370,30,104,25,480,0
80,4,16,3,92,1
64,3,13,1,71,1
94,7,23,5,109,1
70,4,14,1,78,1
90,7,21,5,105,1
385,32,99,26,482,0
475,39,145,36,580,0
342,28,96,23,468,0
445,36,130,33,555,0
375,31,106,26,484,0
82,4,16,3,94,1
66,3,13,1,73,1
96,8,24,5,111,1
72,4,14,1,80,1
92,7,22,5,107,1
390,33,101,26,485,0
480,40,148,36,585,0
345,28,98,23,472,0
450,37,132,33,560,0
380,31,108,26,488,0
84,4,17,3,96,1
68,3,14,1,75,1
98,8,25,5,113,1
74,4,15,1,82,1
94,7,23,5,109,1
395,33,102,26,488,0
485,40,150,37,590,0
348,28,100,23,476,0
455,37,135,34,565,0
385,32,110,27,492,0
86,4,17,3,98,1
70,3,14,1,77,1
100,8,26,5,115,1
76,4,15,1,84,1
96,8,24,5,111,1
400,34,104,27,492,0
490,41,152,37,595,0
352,29,102,24,480,0
460,38,138,34,570,0
390,32,112,27,496,0
88,4,18,3,100,1
72,3,15,1,79,1
102,8,27,5,117,1
78,4,16,1,86,1
98,8,25,5,113,1
405,34,105,27,495,0
495,41,155,38,600,0
355,29,104,24,484,0
465,38,140,35,575,0
395,33,114,28,500,0
90,4,18,3,102,1
74,3,15,1,81,1
104,8,28,5,119,1
80,4,16,1,88,1
100,8,26,5,115,1
410,35,107,28,498,0
500,42,158,38,605,0
358,29,106,24,488,0
470,39,142,35,580,0
400,33,116,28,504,0
92,4,19,3,104,1
76,3,16,1,83,1
106,8,29,5,121,1
82,4,17,1,90,1
102,8,27,5,117,1
415,35,108,28,501,0
505,42,160,39,610,0
362,30,108,25,492,0
475,39,145,36,585,0
405,34,118,29,508,0
94,4,19,3,106,1
78,3,16,1,85,1
108,8,30,5,123,1
84,4,17,1,92,1
104,8,28,5,119,1
420,36,110,29,504,0
510,43,162,39,615,0
365,30,110,25,496,0
480,40,148,36,590,0
410,34,120,29,512,0
96,4,20,3,108,1
80,3,17,1,87,1
110,9,31,6,125,1
86,4,18,1,94,1
106,8,29,5,121,1
425,36,111,29,507,0
515,43,165,40,620,0
368,30,112,25,500,0
485,40,150,37,595,0
415,35,122,30,516,0
98,4,20,3,110,1
82,3,17,1,89,1
112,9,32,6,127,1
88,4,18,1,96,1
108,8,30,5,123,1
430,37,113,30,510,0
520,44,168,40,625,0
372,31,114,26,504,0
490,41,152,37,600,0
420,35,124,30,520,0
100,4,21,3,112,1
84,3,18,1,91,1
114,9,33,6,129,1
90,4,19,1,98,1
110,9,31,6,125,1
435,37,115,30,513,0
525,44,170,41,630,0
375,31,116,26,508,0
495,41,155,38,605,0
425,36,126,31,524,0
102,4,21,3,114,1
86,3,18,1,93,1
116,9,34,6,131,1
92,4,19,1,100,1
112,9,32,6,127,1
440,38,117,31,516,0
530,45,172,41,635,0
378,31,118,26,512,0
500,42,158,38,610,0
430,36,128,31,528,0
104,4,22,3,116,1
88,3,19,1,95,1
118,9,35,6,133,1
94,4,20,1,102,1
114,9,33,6,129,1
445,38,119,31,519,0
535,45,175,42,640,0
382,32,120,27,516,0
505,42,160,39,615,0
435,37,130,32,532,0
106,4,22,3,118,1
90,3,19,1,97,1
120,9,36,6,135,1
96,4,20,1,104,1
116,9,34,6,131,1
450,39,121,32,522,0
540,46,178,42,645,0
385,32,122,27,520,0
510,43,162,39,620,0
440,37,132,32,536,0
108,4,23,3,120,1
92,3,20,1,99,1
122,10,37,6,137,1
98,4,21,1,106,1
118,9,35,6,133,1
455,39,123,32,525,0
545,46,180,43,650,0
388,32,124,27,524,0
515,43,165,40,625,0
445,38,134,33,540,0
110,4,23,3,122,1
94,3,20,1,101,1
124,10,38,6,139,1
100,4,21,1,108,1
120,9,36,6,135,1
460,40,125,33,528,0
550,47,182,43,655,0
392,33,126,28,528,0
520,44,168,40,630,0
450,38,136,33,544,0
112,4,24,3,124,1
96,3,21,1,103,1
126,10,39,6,141,1
102,4,22,1,110,1
122,10,37,6,137,1
465,40,127,33,531,0
555,47,185,44,660,0
395,33,128,28,532,0
525,44,170,41,635,0
455,39,138,34,548,0
114,4,24,3,126,1
98,3,21,1,105,1
128,10,40,6,143,1
104,4,22,1,112,1
124,10,38,6,139,1
470,41,129,34,534,0
560,48,188,44,665,0
398,33,130,28,536,0
530,45,172,41,640,0
460,39,140,34,552,0
116,4,25,3,128,1
100,3,22,1,107,1
130,10,41,6,145,1
106,4,23,1,114,1
126,10,39,6,141,1
475,41,131,34,537,0
565,48,190,45,670,0
400,34,132,29,540,0
535,45,175,42,645,0
465,40,142,35,556,0
118,4,25,3,130,1
102,3,22,1,109,1
132,10,42,6,147,1
108,4,23,1,116,1
128,10,40,6,143,1
480,42,133,35,540,0
570,49,192,45,675,0
405,34,134,29,544,0
540,46,178,42,650,0
470,40,144,35,560,0
120,4,26,3,132,1
104,3,23,1,111,1
134,10,43,6,149,1
110,4,24,1,118,1
130,10,41,6,145,1
485,42,135,35,543,0
575,49,195,46,680,0
410,35,136,30,548,0
545,46,180,43,655,0
475,41,146,36,564,0
122,4,26,3,134,1
106,3,23,1,113,1
136,10,44,6,151,1
112,4,24,1,120,1
132,10,42,6,147,1
490,43,137,36,546,0
580,50,198,46,685,0
415,35,138,30,552,0
550,47,182,43,660,0
480,41,148,36,568,0
124,4,27,3,136,1
108,3,24,1,115,1
138,10,45,6,153,1
114,4,25,1,122,1
134,10,43,6,149,1
495,43,139,36,549,0
585,50,200,47,690,0
420,36,140,31,556,0
555,47,185,44,665,0
485,42,150,37,572,0
126,4,27,3,138,1
110,3,24,1,117,1
140,10,46,6,155,1
116,4,25,1,124,1
136,10,44,6,151,1
500,44,141,37,552,0
590,51,202,47,695,0
425,36,142,31,560,0
560,48,188,44,670,0
490,42,152,37,576,0
128,4,28,3,140,1
112,3,25,1,119,1
142,10,47,6,157,1
118,4,26,1,126,1
138,10,45,6,153,1
505,44,143,37,555,0
595,51,205,48,700,0
430,37,144,32,564,0
565,48,190,45,675,0
495,43,154,38,580,0
130,4,28,3,142,1
114,3,25,1,121,1
144,10,48,6,159,1
120,4,26,1,128,1
140,10,46,6,155,1
510,45,145,38,558,0
600,52,208,48,705,0
435,37,146,32,568,0
570,49,192,45,680,0
500,43,156,38,584,0
132,4,29,3,144,1
116,3,26,1,123,1
146,10,49,6,161,1
122,4,27,1,130,1
142,10,47,6,157,1
515,45,147,38,561,0
605,52,210,49,710,0
440,38,148,33,572,0
575,49,195,46,685,0
505,44,158,39,588,0
134,4,29,3,146,1
118,3,26,1,125,1
148,10,50,6,163,1
124,4,27,1,132,1
144,10,48,6,159,1
520,46,149,39,564,0
610,53,212,49,715,0
445,38,150,33,576,0
580,50,198,46,690,0
510,44,160,39,592,0
136,4,30,3,148,1
120,3,27,1,127,1
150,10,51,6,165,1
126,4,28,1,134,1
146,10,49,6,161,1
525,46,151,39,567,0
615,53,215,50,720,0
450,39,152,34,580,0
585,50,200,47,695,0
515,45,162,40,596,0
138,4,30,3,150,1
122,3,27,1,129,1
152,10,52,6,167,1
128,4,28,1,136,1
148,10,50,6,163,1
530,47,153,40,570,0
620,54,218,50,725,0
455,39,154,34,584,0
590,51,202,47,700,0
520,45,164,40,600,0
140,4,31,3,152,1
124,3,28,1,131,1
154,10,53,6,169,1
130,4,29,1,138,1
150,10,51,6,165,1
535,47,155,40,573,0
625,54,220,51,730,0
460,40,156,35,588,0
595,51,205,48,705,0
525,46,166,41,604,0
142,4,31,3,154,1
126,3,28,1,133,1
156,10,54,6,171,1
132,4,29,1,140,1
152,10,52,6,167,1
540,48,157,41,576,0
630,55,222,51,735,0
465,40,158,35,592,0
600,52,208,48,710,0
530,46,168,41,608,0
144,4,32,3,156,1
128,3,29,1,135,1
158,10,55,6,173,1
134,4,30,1,142,1
154,10,53,6,169,1
545,48,159,41,579,0
635,55,225,52,740,0
470,41,160,36,596,0
605,52,210,49,715,0
535,47,170,42,612,0
146,4,32,3,158,1
130,3,29,1,137,1
160,10,56,6,175,1
136,4,30,1,144,1
156,10,54,6,171,1
550,49,161,42,582,0
640,56,228,52,745,0
475,41,162,36,600,0
610,53,212,49,720,0
540,47,172,42,616,0
148,4,33,3,160,1
132,3,30,1,139,1
162,10,57,6,177,1
138,4,31,1,146,1
158,10,55,6,173,1
555,49,163,42,585,0
645,56,230,53,750,0
480,42,164,37,604,0
615,53,215,50,725,0
545,48,174,43,620,0
150,4,33,3,162,1
134,3,30,1,141,1
164,10,58,6,179,1
140,4,31,1,148,1
160,10,56,6,175,1
560,50,165,43,588,0
650,57,232,53,755,0
485,42,166,37,608,0
620,54,218,50,730,0
550,48,176,43,624,0
152,4,34,3,164,1
136,3,31,1,143,1
166,10,59,6,181,1
142,4,32,1,150,1
162,10,57,6,177,1
565,50,167,43,591,0
655,57,235,54,760,0
490,43,168,38,612,0
625,54,220,51,735,0
555,49,178,44,628,0
154,4,34,3,166,1
138,3,31,1,145,1
168,10,60,6,183,1
144,4,32,1,152,1
164,10,58,6,179,1
570,51,169,44,594,0
660,58,238,54,765,0
495,43,170,38,616,0
630,55,222,51,740,0
560,49,180,44,632,0
156,4,35,3,168,1
140,3,32,1,147,1
170,10,61,6,185,1
146,4,33,1,154,1
166,10,59,6,181,1
575,51,171,44,597,0
665,58,240,55,770,0
500,44,172,39,620,0
635,55,225,52,745,0
565,49,182,44,636,0
158,4,35,3,170,1
142,3,32,1,149,1
172,10,62,6,187,1
148,4,33,1,156,1
168,10,60,6,183,1
580,52,173,45,600,0
670,59,242,55,775,0
505,44,174,39,624,0
640,56,228,52,750,0
570,50,184,45,640,0
160,4,36,3,172,1
144,3,33,1,151,1
174,10,63,6,189,1
150,4,34,1,158,1
170,10,61,6,185,1
585,52,175,45,603,0
675,59,245,56,780,0
510,45,176,40,628,0
645,56,230,53,755,0
575,50,186,45,644,0
162,4,36,3,174,1
146,3,33,1,153,1
176,10,64,6,191,1
152,4,34,1,160,1
172,10,62,6,187,1
590,53,177,46,606,0
680,60,248,56,785,0
515,45,178,40,632,0
650,57,232,53,760,0
580,51,188,46,648,0
164,4,37,3,176,1
148,3,34,1,155,1
178,10,65,6,193,1
154,4,35,1,162,1
174,10,63,6,189,1
595,53,179,46,609,0
685,60,250,57,790,0
520,46,180,41,636,0
655,57,235,54,765,0
585,51,190,46,652,0
166,4,37,3,178,1
150,3,34,1,157,1
180,10,66,6,195,1
156,4,35,1,164,1
176,10,64,6,191,1
600,54,181,47,612,0
690,61,252,57,795,0
525,46,182,41,640,0
660,58,238,54,770,0
590,52,192,47,656,0
168,4,38,3,180,1
152,3,35,1,159,1
182,10,67,6,197,1
158,4,36,1,166,1
178,10,65,6,193,1
605,54,183,47,615,0
695,61,255,58,800,0
530,47,184,42,644,0
665,58,240,55,775,0
595,52,194,47,660,0
170,4,38,3,182,1
154,3,35,1,161,1
184,10,68,6,199,1
160,4,36,1,168,1
180,10,66,6,195,1
610,55,185,48,618,0
700,62,258,58,805,0
535,47,186,42,648,0
670,59,242,55,780,0
600,53,196,48,664,0
172,4,39,3,184,1
156,3,36,1,163,1
186,10,69,6,201,1
162,4,37,1,170,1
182,10,67,6,197,1
615,55,187,48,621,0
705,62,260,59,810,0
540,48,188,43,652,0
675,59,245,56,785,0
605,53,198,48,668,0
174,4,39,3,186,1
158,3,36,1,165,1
188,10,70,6,203,1
164,4,37,1,172,1
184,10,68,6,199,1
620,56,189,49,624,0
710,63,262,59,815,0
545,48,190,43,656,0
680,60,248,56,790,0
610,54,200,49,672,0
176,4,40,3,188,1
160,3,37,1,167,1
190,10,71,6,205,1
166,4,38,1,174,1
186,10,69,6,201,1
625,56,191,49,627,0
715,63,265,60,820,0
550,49,192,44,660,0
685,60,250,57,795,0
615,54,202,49,676,0
178,4,40,3,190,1
162,3,37,1,169,1
192,10,72,6,207,1
168,4,38,1,176,1
188,10,70,6,203,1
630,57,193,50,630,0
720,64,268,60,825,0
555,49,194,44,664,0
690,61,252,57,800,0
620,55,204,50,680,0
180,4,41,3,192,1
164,3,38,1,171,1
194,10,73,6,209,1
170,4,39,1,178,1
190,10,71,6,205,1
635,57,195,50,633,0
725,64,270,61,830,0
560,50,196,45,668,0
695,61,255,58,805,0
625,55,206,50,684,0
182,4,41,3,194,1
166,3,38,1,173,1
196,10,74,6,211,1
172,4,39,1,180,1
192,10,72,6,207,1
640,58,197,51,636,0
730,65,272,61,835,0
565,50,198,45,672,0
700,62,258,58,810,0
630,56,208,51,688,0
184,4,42,3,196,1
168,3,39,1,175,1
198,10,75,6,213,1
174,4,40,1,182,1
194,10,73,6,209,1
645,58,199,51,639,0
735,65,275,62,840,0
570,51,200,46,676,0
705,62,260,59,815,0
635,56,210,51,692,0
186,4,42,3,198,1
170,3,39,1,177,1
200,10,76,6,215,1
176,4,40,1,184,1
196,10,74,6,211,1
650,59,201,52,642,0
740,66,278,62,845,0
575,51,202,46,680,0
710,63,262,59,820,0
640,57,212,52,696,0
188,4,43,3,200,1
172,3,40,1,179,1
202,10,77,6,217,1
178,4,41,1,186,1
198,10,75,6,213,1
655,59,203,52,645,0
745,66,280,63,850,0
580,52,204,47,684,0
715,63,265,60,825,0
645,57,214,52,700,0
190,4,43,3,202,1
174,3,40,1,181,1
204,10,78,6,219,1
180,4,41,1,188,1
200,10,76,6,215,1
660,60,205,53,648,0
750,67,282,63,855,0
585,52,206,47,688,0
720,64,268,60,830,0
650,58,216,53,704,0
192,4,44,3,204,1
176,3,41,1,183,1
206,10,79,6,221,1
182,4,42,1,190,1
202,10,77,6,217,1
665,60,207,53,651,0
755,67,285,64,860,0
590,53,208,48,692,0
725,64,270,61,835,0
655,58,218,53,708,0
194,4,44,3,206,1
178,3,41,1,185,1
208,10,80,6,223,1
184,4,42,1,192,1
204,10,78,6,219,1
670,61,209,54,654,0
760,68,288,64,865,0
595,53,210,48,696,0
730,65,272,61,840,0
660,59,220,54,712,0
196,4,45,3,208,1
180,3,42,1,187,1
210,10,81,6,225,1
186,4,43,1,194,1
206,10,79,6,221,1
675,61,211,54,657,0
765,68,290,65,870,0
600,54,212,49,700,0
735,65,275,62,845,0
665,59,222,54,716,0
198,4,45,3,210,1
182,3,42,1,189,1
212,10,82,6,227,1
188,4,43,1,196,1
208,10,80,6,223,1
680,62,213,55,660,0
770,69,292,65,875,0
605,54,214,49,704,0
740,66,278,62,850,0
670,60,224,55,720,0
200,4,46,3,212,1
184,3,43,1,191,1
214,10,83,6,229,1
190,4,44,1,198,1
210,10,81,6,225,1
685,62,215,55,663,0
775,69,295,66,880,0
610,55,216,50,708,0
745,66,280,63,855,0
675,60,226,55,724,0
202,4,46,3,214,1
186,3,43,1,193,1
216,10,84,6,231,1
192,4,44,1,200,1
212,10,82,6,227,1
690,63,217,56,666,0
780,70,298,66,885,0
615,55,218,50,712,0
750,67,282,63,860,0
680,61,228,56,728,0
204,4,47,3,216,1
188,3,44,1,195,1
218,10,85,6,233,1
194,4,45,1,202,1
214,10,83,6,229,1
695,63,219,56,669,0
785,70,300,67,890,0
620,56,220,51,716,0
755,67,285,64,865,0
685,61,230,56,732,0
206,4,47,3,218,1
190,3,44,1,197,1
220,10,86,6,235,1
196,4,45,1,204,1
216,10,84,6,231,1
700,64,221,57,672,0
790,71,302,67,895,0
625,56,222,51,720,0
760,68,288,64,870,0
690,62,232,57,736,0
208,4,48,3,220,1
192,3,45,1,199,1
222,10,87,6,237,1
198,4,46,1,206,1
218,10,85,6,233,1
705,64,223,57,675,0
795,71,305,68,900,0
630,57,224,52,724,0
765,68,290,65,875,0
695,62,234,57,740,0
210,4,48,3,222,1
194,3,45,1,201,1
224,10,88,6,239,1
200,4,46,1,208,1
220,10,86,6,235,1
710,65,225,58,678,0
800,72,308,68,905,0
635,57,226,52,728,0
770,69,292,65,880,0
700,63,236,58,744,0
212,4,49,3,224,1
196,3,46,1,203,1
226,10,89,6,241,1
202,4,47,1,210,1
222,10,87,6,237,1
715,65,227,58,681,0
805,72,310,69,910,0
640,58,228,53,732,0
775,69,295,66,885,0
705,63,238,58,748,0
214,4,49,3,226,1
198,3,46,1,205,1
228,10,90,6,243,1
204,4,47,1,212,1
224,10,88,6,239,1
720,66,229,59,684,0
810,73,312,69,915,0
645,58,230,53,736,0
780,70,298,66,890,0
710,64,240,59,752,0
216,4,50,3,228,1
200,3,47,1,207,1
230,10,91,6,245,1
206,4,48,1,214,1
226,10,89,6,241,1
725,66,231,59,687,0
815,73,315,70,920,0
650,59,232,54,740,0
785,70,300,67,895,0
715,64,242,59,756,0
218,4,50,3,230,1
202,3,47,1,209,1
232,10,92,6,247,1
208,4,48,1,216,1
228,10,90,6,243,1
730,67,233,60,690,0
820,74,318,70,925,0
655,59,234,54,744,0
790,71,302,67,900,0
720,65,244,60,760,0
220,4,51,3,232,1
204,3,48,1,211,1
234,10,93,6,249,1
210,4,49,1,218,1
230,10,91,6,245,1
735,67,235,60,693,0
825,74,320,71,930,0
660,60,236,55,748,0
795,71,305,68,905,0
725,65,246,60,764,0
222,4,51,3,234,1
206,3,48,1,213,1
236,10,94,6,251,1
212,4,49,1,220,1
232,10,92,6,247,1
740,68,237,61,696,0
830,75,322,71,935,0
665,60,238,55,752,0
800,72,308,68,910,0
730,66,248,61,768,0
224,4,52,3,236,1
208,3,49,1,215,1
238,10,95,6,253,1
214,4,50,1,222,1
234,10,93,6,249,1
745,68,239,61,699,0
835,75,325,72,940,0
670,61,240,56,756,0
805,72,310,69,915,0
735,66,250,61,772,0
226,4,52,3,238,1
210,3,49,1,217,1
240,10,96,6,255,1
216,4,50,1,224,1
236,10,94,6,251,1
750,69,241,62,702,0
840,76,328,72,945,0
675,61,242,56,760,0
810,73,312,69,920,0
740,67,252,62,776,0
228,4,53,3,240,1
212,3,50,1,219,1
242,10,97,6,257,1
218,4,51,1,226,1
238,10,95,6,253,1
755,69,243,62,705,0
845,76,330,73,950,0
680,62,244,57,764,0
815,73,315,70,925,0
745,67,254,62,780,0
230,4,53,3,242,1
214,3,50,1,221,1
244,10,98,6,259,1
220,4,51,1,228,1
240,10,96,6,255,1
760,70,245,63,708,0
850,77,332,73,955,0
685,62,246,57,768,0
820,74,318,70,930,0
750,68,256,63,784,0
232,4,54,3,244,1
216,3,51,1,223,1
246,10,99,6,261,1
222,4,52,1,230,1
242,10,97,6,257,1
765,70,247,63,711,0
855,77,335,74,960,0
690,63,248,58,772,0
825,74,320,71,935,0
755,68,258,63,788,0
234,4,54,3,246,1
218,3,51,1,225,1
248,10,100,6,263,1
224,4,52,1,232,1
244,10,98,6,259,1
770,71,249,64,714,0
860,78,338,74,965,0
695,63,250,58,776,0
830,75,322,71,940,0
760,69,260,64,792,0
236,4,55,3,248,1
220,3,52,1,227,1
250,10,101,6,265,1
226,4,53,1,234,1
246,10,99,6,261,1
775,71,251,64,717,0
865,78,340,75,970,0
700,64,252,59,780,0
835,75,325,72,945,0
765,69,262,64,796,0
238,4,55,3,250,1
222,3,52,1,229,1
252,10,102,6,267,1
228,4,53,1,236,1
248,10,100,6,263,1
780,72,253,65,720,0
870,79,342,75,975,0
705,64,254,59,784,0
840,76,328,72,950,0
770,70,264,65,800,0
240,4,56,3,252,1
224,3,53,1,231,1
254,10,103,6,269,1
230,4,54,1,238,1
250,10,101,6,265,1
785,72,255,65,723,0
875,79,345,76,980,0
710,65,256,60,788,0
845,76,330,73,955,0
775,70,266,65,804,0
242,4,56,3,254,1
226,3,53,1,233,1
256,10,104,6,271,1
232,4,54,1,240,1
252,10,102,6,267,1
790,73,257,66,726,0
880,80,348,76,985,0
715,65,258,60,792,0
850,77,332,73,960,0
780,71,268,66,808,0
244,4,57,3,256,1
228,3,54,1,235,1
258,10,105,6,273,1
234,4,55,1,242,1
254,10,103,6,269,1
795,73,259,66,729,0
885,80,350,77,990,0
720,66,260,61,796,0
855,77,335,74,965,0
785,71,270,66,812,0
246,4,57,3,258,1
230,3,54,1,237,1
260,10,106,6,275,1
236,4,55,1,244,1
256,10,104,6,271,1
800,74,261,67,732,0
890,81,352,77,995,0
725,66,262,61,800,0
860,78,338,74,970,0
790,72,272,67,816,0
248,4,58,3,260,1
232,3,55,1,239,1
262,10,107,6,277,1
238,4,56,1,246,1
258,10,105,6,273,1
805,74,263,67,735,0
895,81,355,78,1000,0
730,67,264,62,804,0
865,78,340,75,975,0
795,72,274,67,820,0
250,4,58,3,262,1
234,3,55,1,241,1
264,10,108,6,279,1
240,4,56,1,248,1
260,10,106,6,275,1
810,75,265,68,738,0
900,82,358,78,1005,0
735,67,266,62,808,0
870,79,342,75,980,0
800,73,276,68,824,0
252,4,59,3,264,1
236,3,56,1,243,1
266,10,109,6,281,1
242,4,57,1,250,1
262,10,107,6,277,1
815,75,267,68,741,0
905,82,360,79,1010,0
740,68,268,63,812,0
875,79,345,76,985,0
805,73,278,68,828,0
254,4,59,3,266,1
238,3,56,1,245,1
268,10,110,6,283,1
244,4,57,1,252,1
264,10,108,6,279,1
820,76,269,69,744,0
910,83,362,79,1015,0
745,68,270,63,816,0
880,80,348,76,990,0
810,74,280,69,832,0
256,4,60,3,268,1
240,3,57,1,247,1
270,10,111,6,285,1
246,4,58,1,254,1
266,10,109,6,281,1
825,76,271,69,747,0
915,83,365,80,1020,0
750,69,272,64,820,0
885,80,350,77,995,0
815,74,282,69,836,0
258,4,60,3,270,1
242,3,57,1,249,1
272,10,112,6,287,1
248,4,58,1,256,1
268,10,110,6,283,1
830,77,273,70,750,0
920,84,368,80,1025,0
755,69,274,64,824,0
890,81,352,77,1000,0
820,75,284,70,840,0
260,4,61,3,272,1
244,3,58,1,251,1
274,10,113,6,289,1
250,4,59,1,258,1
270,10,111,6,285,1
835,77,275,70,753,0
925,84,370,81,1030,0
760,70,276,65,828,0
895,81,355,78,1005,0
825,75,286,70,844,0
262,4,61,3,274,1
246,3,58,1,253,1
276,10,114,6,291,1
252,4,59,1,260,1
272,10,112,6,287,1
840,78,277,71,756,0
930,85,372,81,1035,0
765,70,278,65,832,0
900,82,358,78,1010,0
830,76,288,71,848,0
264,4,62,3,276,1
248,3,59,1,255,1
278,10,115,6,293,1
254,4,60,1,262,1
274,10,113,6,289,1
845,78,279,71,759,0
935,85,375,82,1040,0
770,71,280,66,836,0
905,82,360,79,1015,0
835,76,290,71,852,0
266,4,62,3,278,1
250,3,59,1,257,1
280,10,116,6,295,1
256,4,60,1,264,1
276,10,114,6,291,1
850,79,281,72,762,0
940,86,378,82,1045,0
775,71,282,66,840,0
910,83,362,79,1020,0
840,77,292,72,856,0
268,4,63,3,280,1
252,3,60,1,259,1
282,10,117,6,297,1
258,4,61,1,266,1
278,10,115,6,293,1
855,79,283,72,765,0
945,86,380,83,1050,0
780,72,284,67,844,0
915,83,365,80,1025,0
845,77,294,72,860,0
270,4,63,3,282,1
254,3,60,1,261,1
284,10,118,6,299,1
260,4,61,1,268,1
280,10,116,6,295,1
860,80,285,73,768,0
950,87,382,83,1055,0
785,72,286,67,848,0
920,84,368,80,1030,0
850,78,296,73,864,0
272,4,64,3,284,1
256,3,61,1,263,1
286,10,119,6,301,1
262,4,62,1,270,1
282,10,117,6,297,1
865,80,287,73,771,0
955,87,385,84,1060,0
790,73,288,68,852,0
925,84,370,81,1035,0
855,78,298,73,868,0
274,4,64,3,286,1
258,3,61,1,265,1
288,10,120,6,303,1
264,4,62,1,272,1
284,10,118,6,299,1
870,81,289,74,774,0
960,88,388,84,1065,0
795,73,290,68,856,0
930,85,372,81,1040,0
860,79,300,74,872,0
276,4,65,3,288,1
260,3,62,1,267,1
290,10,121,6,305,1
266,4,63,1,274,1
286,10,119,6,301,1
875,81,291,74,777,0
965,88,390,85,1070,0
800,74,292,69,860,0
935,85,375,82,1045,0
865,79,302,74,876,0
278,4,65,3,290,1
262,3,62,1,269,1
292,10,122,6,307,1
268,4,63,1,276,1
288,10,120,6,303,1
880,82,293,75,780,0
970,89,392,85,1075,0
805,74,294,69,864,0
940,86,378,82,1050,0
870,80,304,75,880,0
280,4,66,3,292,1
264,3,63,1,271,1
294,10,123,6,309,1
270,4,64,1,278,1
290,10,121,6,305,1
885,82,295,75,783,0
975,89,395,86,1080,0
810,75,296,70,868,0
945,86,380,83,1055,0
875,80,306,75,884,0
282,4,66,3,294,1
266,3,63,1,273,1
296,10,124,6,311,1
272,4,64,1,280,1
292,10,122,6,307,1
890,83,297,76,786,0
980,90,398,86,1085,0
815,75,298,70,872,0
950,87,382,83,1060,0
880,81,308,76,888,0
284,4,67,3,296,1
268,3,64,1,275,1
298,10,125,6,313,1
274,4,65,1,282,1
294,10,123,6,309,1
895,83,299,76,789,0
985,90,400,87,1090,0
820,76,300,71,876,0
955,87,385,84,1065,0
885,81,310,76,892,0
286,4,67,3,298,1
270,3,64,1,277,1
300,10,126,6,315,1
276,4,65,1,284,1
296,10,124,6,311,1
900,84,301,77,792,0
990,91,402,87,1095,0
825,76,302,71,880,0
960,88,388,84,1070,0
890,82,312,77,896,0
288,4,68,3,300,1
272,3,65,1,279,1
302,10,127,6,317,1
278,4,66,1,286,1
298,10,125,6,313,1
905,84,303,77,795,0
995,91,405,88,1100,0
830,77,304,72,884,0
965,88,390,85,1075,0
895,82,314,77,900,0
290,4,68,3,302,1
274,3,65,1,281,1
304,10,128,6,319,1
280,4,66,1,288,1
300,10,126,6,315,1
910,85,305,78,798,0
1000,92,408,88,1105,0
835,77,306,72,888,0
970,89,392,85,1080,0
900,83,316,78,904,0
292,4,69,3,304,1
276,3,66,1,283,1
306,10,129,6,321,1
282,4,67,1,290,1
302,10,127,6,317,1
915,85,307,78,801,0
1005,92,410,89,1110,0
840,78,308,73,892,0
975,89,395,86,1085,0
905,83,318,78,908,0
294,4,69,3,306,1
278,3,66,1,285,1
308,10,130,6,323,1
284,4,67,1,292,1
304,10,128,6,319,1
920,86,309,79,804,0
1010,93,412,89,1115,0
845,78,310,73,896,0
980,90,398,86,1090,0
910,84,320,79,912,0
296,4,70,3,308,1
280,3,67,1,287,1
310,10,131,6,325,1
286,4,68,1,294,1
306,10,129,6,321,1
925,86,311,79,807,0
1015,93,415,90,1120,0
850,79,312,74,900,0
985,90,400,87,1095,0
915,84,322,79,916,0
298,4,70,3,310,1
282,3,67,1,289,1
312,10,132,6,327,1
288,4,68,1,296,1
308,10,130,6,323,1
930,87,313,80,810,0
1020,94,418,90,1125,0
855,79,314,74,904,0
990,91,402,87,1100,0
920,85,324,80,920,0
300,4,71,3,312,1
284,3,68,1,291,1
314,10,133,6,329,1
290,4,69,1,298,1
310,10,131,6,325,1
935,87,315,80,813,0
1025,94,420,91,1130,0
860,80,316,75,908,0
995,91,405,88,1105,0
925,85,326,80,924,0
302,4,71,3,314,1
286,3,68,1,293,1
316,10,134,6,331,1
292,4,69,1,300,1
312,10,132,6,327,1
940,88,317,81,816,0
1030,95,422,91,1135,0
865,80,318,75,912,0
1000,92,408,88,1110,0
930,86,328,81,928,0
304,4,72,3,316,1
288,3,69,1,295,1
318,10,135,6,333,1
294,4,70,1,302,1
314,10,133,6,329,1
945,88,319,81,819,0
1035,95,425,92,1140,0
870,81,320,76,916,0
1005,92,410,89,1115,0
935,86,330,81,932,0
306,4,72,3,318,1
290,3,69,1,297,1
320,10,136,6,335,1
296,4,70,1,304,1
316,10,134,6,331,1
950,89,321,82,822,0
1040,96,428,92,1145,0
875,81,322,76,920,0
1010,93,412,89,1120,0
940,87,332,82,936,0
308,4,73,3,320,1
292,3,70,1,299,1
322,10,137,6,337,1
298,4,71,1,306,1
318,10,135,6,333,1
955,89,323,82,825,0
1045,96,430,93,1150,0
880,82,324,77,924,0
1015,93,415,90,1125,0
945,87,334,82,940,0
310,4,73,3,322,1
294,3,70,1,301,1
324,10,138,6,339,1
300,4,71,1,308,1
320,10,136,6,335,1
960,90,325,83,828,0
1050,97,432,93,1155,0
885,82,326,77,928,0
1020,94,418,90,1130,0
950,88,336,83,944,0
312,4,74,3,324,1
296,3,71,1,303,1
326,10,139,6,341,1
302,4,72,1,310,1
322,10,137,6,337,1
965,90,327,83,831,0
1055,97,435,94,1160,0
890,83,328,78,932,0
1025,94,420,91,1135,0
955,88,338,83,948,0
314,4,74,3,326,1
298,3,71,1,305,1
328,10,140,6,343,1
304,4,72,1,312,1
324,10,138,6,339,1
970,91,329,84,834,0
1060,98,438,94,1165,0
895,83,330,78,936,0
1030,95,422,91,1140,0
960,89,340,84,952,0
316,4,75,3,328,1
300,3,72,1,307,1
330,10,141,6,345,1
306,4,73,1,314,1
326,10,139,6,341,1
975,91,331,84,837,0
1065,98,440,95,1170,0
900,84,332,79,940,0
1035,95,425,92,1145,0
965,89,342,84,956,0
318,4,75,3,330,1
302,3,72,1,309,1
332,10,142,6,347,1
308,4,73,1,316,1
328,10,140,6,343,1
980,92,333,85,840,0
1070,99,442,95,1175,0
905,84,334,79,944,0
1040,96,428,92,1150,0
970,90,344,85,960,0
320,4,76,3,332,1
304,3,73,1,311,1
334,10,143,6,349,1
310,4,74,1,318,1
330,10,141,6,345,1
985,92,335,85,843,0
1075,99,445,96,1180,0
910,85,336,80,948,0
1045,96,430,93,1155,0
975,90,346,85,964,0
322,4,76,3,334,1
306,3,73,1,313,1
336,10,144,6,351,1
312,4,74,1,320,1
332,10,142,6,347,1
990,93,337,86,846,0
1080,100,448,96,1185,0
915,85,338,80,952,0
1050,97,432,93,1160,0
980,91,348,86,968,0
324,4,77,3,336,1
308,3,74,1,315,1
338,10,145,6,353,1
314,4,75,1,322,1
334,10,143,6,349,1
995,93,339,86,849,0
1085,100,450,97,1190,0
920,86,340,81,956,0
1055,97,435,94,1165,0
985,91,350,86,972,0
326,4,77,3,338,1
310,3,74,1,317,1
340,10,146,6,355,1
316,4,75,1,324,1
336,10,144,6,351,1
1000,94,341,87,852,0
1090,101,452,97,1195,0
925,86,342,81,960,0
1060,98,438,94,1170,0
990,92,352,87,976,0
328,4,78,3,340,1
312,3,75,1,319,1
342,10,147,6,357,1
318,4,76,1,326,1
338,10,145,6,353,1
1005,94,343,87,855,0
1095,101,455,98,1200,0
930,87,344,82,964,0
1065,98,440,95,1175,0
995,92,354,87,980,0
330,4,78,3,342,1
314,3,75,1,321,1
344,10,148,6,359,1
320,4,76,1,328,1
340,10,146,6,355,1
1010,95,345,88,858,0
1100,102,458,98,1205,0
935,87,346,82,968,0
1070,99,442,95,1180,0
1000,93,356,88,984,0
332,4,79,3,344,1
316,3,76,1,323,1
346,10,149,6,361,1
322,4,77,1,330,1
342,10,147,6,357,1
1015,95,347,88,861,0
1105,102,460,99,1210,0
940,88,348,83,972,0
1075,99,445,96,1185,0
1005,93,358,88,988,0
334,4,79,3,346,1
318,3,76,1,325,1
348,10,150,6,363,1
324,4,77,1,332,1
344,10,148,6,359,1
1020,96,349,89,864,0
1110,103,462,99,1215,0
945,88,350,83,976,0
1080,100,448,96,1190,0
1010,94,360,89,992,0
336,4,80,3,348,1
320,3,77,1,327,1
350,10,151,6,365,1
326,4,78,1,334,1
346,10,149,6,361,1
1025,96,351,89,867,0
1115,103,465,100,1220,0
950,89,352,84,980,0
1085,100,450,97,1195,0
1015,94,362,89,996,0
338,4,80,3,350,1
322,3,77,1,329,1
352,10,152,6,367,1
328,4,78,1,336,1
348,10,150,6,363,1
1030,97,353,90,870,0
1120,104,468,100,1225,0
955,89,354,84,984,0
1090,101,452,97,1200,0
1020,95,364,90,1000,0
340,4,81,3,352,1
324,3,78,1,331,1
354,10,153,6,369,1
330,4,79,1,338,1
350,10,151,6,365,1
1035,97,355,90,873,0
1125,104,470,101,1230,0
960,90,356,85,988,0
1095,101,455,98,1205,0
1025,95,366,90,1004,0
342,4,81,3,354,1
326,3,78,1,333,1
356,10,154,6,371,1
332,4,79,1,340,1
352,10,152,6,367,1
1040,98,357,91,876,0
1130,105,472,101,1235,0
965,90,358,85,992,0
1100,102,458,98,1210,0
1030,96,368,91,1008,0
344,4,82,3,356,1
328,3,79,1,335,1
358,10,155,6,373,1
334,4,80,1,342,1
354,10,153,6,369,1
1045,98,359,91,879,0
1135,105,475,102,1240,0
970,91,360,86,996,0
1105,102,460,99,1215,0
1035,96,370,91,1012,0
346,4,82,3,358,1
330,3,79,1,337,1
360,10,156,6,375,1
336,4,80,1,344,1
356,10,154,6,371,1
1050,99,361,92,882,0
1140,106,478,102,1245,0
975,91,362,86,1000,0
1110,103,462,99,1220,0
1040,97,372,92,1016,0
348,4,83,3,360,1
332,3,80,1,339,1
362,10,157,6,377,1
338,4,81,1,346,1
358,10,155,6,373,1
1055,99,363,92,885,0
1145,106,480,103,1250,0
980,92,364,87,1004,0
1115,103,465,100,1225,0
1045,97,374,92,1020,0
350,4,83,3,362,1
334,3,80,1,341,1
364,10,158,6,379,1
340,4,81,1,348,1
360,10,156,6,375,1
1060,100,365,93,888,0
1150,107,482,103,1255,0
985,92,366,87,1008,0
1120,104,468,100,1230,0
1050,98,376,93,1024,0
352,4,84,3,364,1
336,3,81,1,343,1
366,10,159,6,381,1
342,4,82,1,350,1
362,10,157,6,377,1
1065,100,367,93,891,0
1155,107,485,104,1260,0
990,93,368,88,1012,0
1125,104,470,101,1235,0
1055,98,378,93,1028,0
354,4,84,3,366,1
338,3,81,1,345,1
368,10,160,6,383,1
344,4,82,1,352,1
364,10,158,6,379,1
1070,101,369,94,894,0
1160,108,488,104,1265,0
995,93,370,88,1016,0
1130,105,472,101,1240,0
1060,99,380,94,1032,0
356,4,85,3,368,1
340,3,82,1,347,1
370,10,161,6,385,1
346,4,83,1,354,1
366,10,159,6,381,1
1075,101,371,94,897,0
1165,108,490,105,1270,0
1000,94,372,89,1020,0
1135,105,475,102,1245,0
1065,99,382,94,1036,0
358,4,85,3,370,1
342,3,82,1,349,1
372,10,162,6,387,1
348,4,83,1,356,1
368,10,160,6,383,1
1080,102,373,95,900,0
1170,109,492,105,1275,0
1005,94,374,89,1024,0
1140,106,478,102,1250,0
1070,100,384,95,1040,0
360,4,86,3,372,1
344,3,83,1,351,1
374,10,163,6,389,1
350,4,84,1,358,1
370,10,161,6,385,1
1085,102,375,95,903,0
1175,109,495,106,1280,0
1010,95,376,90,1028,0
1145,106,480,103,1255,0
1075,100,386,95,1044,0
362,4,86,3,374,1
346,3,83,1,353,1
376,10,164,6,391,1
352,4,84,1,360,1
372,10,162,6,387,1
1090,103,377,96,906,0
1180,110,498,106,1285,0
1015,95,378,90,1032,0
1150,107,482,103,1260,0
1080,101,388,96,1048,0
364,4,87,3,376,1
348,3,84,1,355,1
378,10,165,6,393,1
354,4,85,1,362,1
374,10,163,6,389,1
1095,103,379,96,909,0
1185,110,500,107,1290,0
1020,96,380,91,1036,0
1155,107,485,104,1265,0
1085,101,390,96,1052,0
366,4,87,3,378,1
350,3,84,1,357,1
380,10,166,6,395,1
356,4,85,1,364,1
376,10,164,6,391,1
1100,104,381,97,912,0
1190,111,502,107,1295,0
1025,96,382,91,1040,0
1160,108,488,104,1270,0
1090,102,392,97,1056,0
368,4,88,3,380,1
352,3,85,1,359,1
382,10,167,6,397,1
358,4,86,1,366,1
378,10,165,6,393,1
1105,104,383,97,915,0
1195,111,505,108,1300,0
1030,97,384,92,1044,0
1165,108,490,105,1275,0
1095,102,394,97,1060,0
370,4,88,3,382,1
354,3,85,1,361,1
384,10,168,6,399,1
360,4,86,1,368,1
380,10,166,6,395,1
1110,105,385,98,918,0
1200,112,508,108,1305,0
1035,97,386,92,1048,0
1170,109,492,105,1280,0
1100,103,396,98,1064,0
372,4,89,3,384,1
356,3,86,1,363,1
386,10,169,6,401,1
362,4,87,1,370,1
382,10,167,6,397,1
1115,105,387,98,921,0
1205,112,510,109,1310,0
1040,98,388,93,1052,0
1175,109,495,106,1285,0
1105,103,398,98,1068,0
374,4,89,3,386,1
358,3,86,1,365,1
388,10,170,6,403,1
364,4,87,1,372,1
384,10,168,6,399,1
1120,106,389,99,924,0
1210,113,512,109,1315,0
1045,98,390,93,1056,0
1180,110,498,106,1290,0
1110,104,400,99,1072,0
376,4,90,3,388,1
360,3,87,1,367,1
390,10,171,6,405,1
366,4,88,1,374,1
386,10,169,6,401,1
1125,106,391,99,927,0
1215,113,515,110,1320,0
1050,99,392,94,1060,0
1185,110,500,107,1295,0
1115,104,402,99,1076,0
378,4,90,3,390,1
362,3,87,1,369,1
392,10,172,6,407,1
368,4,88,1,376,1
388,10,170,6,403,1
1130,107,393,100,930,0
1220,114,518,110,1325,0
1055,99,394,94,1064,0
1190,111,502,107,1300,0
1120,105,404,100,1080,0
380,4,91,3,392,1
364,3,88,1,371,1
394,10,173,6,409,1
370,4,89,1,378,1
390,10,171,6,405,1
1135,107,395,100,933,0
1225,114,520,111,1330,0
1060,100,396,95,1068,0
1195,111,505,108,1305,0
1125,105,406,100,1084,0
382,4,91,3,394,1
366,3,88,1,373,1
396,10,174,6,411,1
372,4,89,1,380,1
392,10,172,6,407,1
1140,108,397,101,936,0
1230,115,522,111,1335,0
1065,100,398,95,1072,0
1200,112,508,108,1310,0
1130,106,408,101,1088,0
384,4,92,3,396,1
368,3,89,1,375,1
398,10,175,6,413,1
374,4,90,1,382,1
394,10,173,6,409,1
1145,108,399,101,939,0
1235,115,525,112,1340,0
1070,101,400,96,1076,0
1205,112,510,109,1315,0
1135,106,410,101,1092,0
386,4,92,3,398,1
370,3,89,1,377,1
400,10,176,6,415,1
376,4,90,1,384,1
396,10,174,6,411,1
1150,109,401,102,942,0
1240,116,528,112,1345,0
1075,101,402,96,1080,0
1210,113,512,109,1320,0
1140,107,412,102,1096,0
388,4,93,3,400,1
372,3,90,1,379,1
402,10,177,6,417,1
378,4,91,1,386,1
398,10,175,6,413,1
1155,109,403,102,945,0
1245,116,530,113,1350,0
1080,102,404,97,1084,0
1215,113,515,110,1325,0
1145,107,414,102,1100,0
390,4,93,3,402,1
374,3,90,1,381,1
404,10,178,6,419,1
380,4,91,1,388,1
400,10,176,6,415,1
1160,110,405,103,948,0
1250,117,532,113,1355,0
1085,102,406,97,1088,0
1220,114,518,110,1330,0
1150,108,416,103,1104,0
392,4,94,3,404,1
376,3,91,1,383,1
406,10,179,6,421,1
382,4,92,1,390,1
402,10,177,6,417,1
1165,110,407,103,951,0
1255,117,535,114,1360,0
1090,103,408,98,1092,0
1225,114,520,111,1335,0
1155,108,418,103,1108,0
394,4,94,3,406,1
378,3,91,1,385,1
408,10,180,6,423,1
384,4,92,1,392,1
404,10,178,6,419,1
1170,111,409,104,954,0
1260,118,538,114,1365,0
1095,103,410,98,1096,0
1230,115,522,111,1340,0
1160,109,420,104,1112,0
396,4,95,3,408,1
380,3,92,1,387,1
410,10,181,6,425,1
386,4,93,1,394,1
406,10,179,6,421,1
1175,111,411,104,957,0
1265,118,540,115,1370,0
1100,104,412,99,1100,0
1235,115,525,112,1345,0
1165,109,422,104,1116,0
398,4,95,3,410,1
382,3,92,1,389,1
412,10,182,6,427,1
388,4,93,1,396,1
408,10,180,6,423,1
1180,112,413,105,960,0
1270,119,542,115,1375,0
1105,104,414,99,1104,0
1240,116,528,112,1350,0
1170,110,424,105,1120,0
400,4,96,3,412,1
384,3,93,1,391,1
414,10,183,6,429,1
390,4,94,1,398,1
410,10,181,6,425,1
1185,112,415,105,963,0
1275,119,545,116,1380,0
1110,105,416,100,1108,0
1245,116,530,113,1355,0
1175,110,426,105,1124,0
402,4,96,3,414,1
386,3,93,1,393,1
416,10,184,6,431,1
392,4,94,1,400,1
412,10,182,6,427,1
1190,113,417,106,966,0
1280,120,548,116,1385,0
1115,105,418,100,1112,0
1250,117,532,113,1360,0
1180,111,428,106,1128,0
404,4,97,3,416,1
388,3,94,1,395,1
418,10,185,6,433,1
394,4,95,1,402,1
414,10,183,6,429,1
1195,113,419,106,969,0
1285,120,550,117,1390,0
1120,106,420,101,1116,0
1255,117,535,114,1365,0
1185,111,430,106,1132,0
406,4,97,3,418,1
390,3,94,1,397,1
420,10,186,6,435,1
396,4,95,1,404,1
416,10,184,6,431,1
1200,114,421,107,972,0
1290,121,552,117,1395,0
1125,106,422,101,1120,0
1260,118,538,114,1370,0
1190,112,432,107,1136,0
408,4,98,3,420,1
392,3,95,1,399,1
422,10,187,6,437,1
398,4,96,1,406,1
418,10,185,6,433,1
1205,114,423,107,975,0
1295,121,555,118,1400,0
1130,107,424,102,1124,0
1265,118,540,115,1375,0
1195,112,434,107,1140,0
410,4,98,3,422,1
394,3,95,1,401,1
424,10,188,6,439,1
400,4,96,1,408,1
420,10,186,6,435,1
1210,115,425,108,978,0
1300,122,558,118,1405,0
1135,107,426,102,1128,0
1270,119,542,115,1380,0
1200,113,436,108,1144,0
412,4,99,3,424,1
396,3,96,1,403,1
426,10,189,6,441,1
402,4,97,1,410,1
422,10,187,6,437,1
1215,115,427,108,981,0
1305,122,560,119,1410,0
1140,108,428,103,1132,0
1275,119,545,116,1385,0
1205,113,438,108,1148,0
414,4,99,3,426,1
398,3,96,1,405,1
428,10,190,6,443,1
404,4,97,1,412,1
424,10,188,6,439,1
1220,116,429,109,984,0
1310,123,562,119,1415,0
1145,108,430,103,1136,0
1280,120,548,116,1390,0
1210,114,440,109,1152,0
416,4,100,3,428,1
400,3,97,1,407,1
430,10,191,6,445,1
406,4,98,1,414,1
426,10,189,6,441,1
1225,116,431,109,987,0
1315,123,565,120,1420,0
1150,109,432,104,1140,0
1285,120,550,117,1395,0
1215,114,442,109,1156,0
418,4,100,3,430,1
402,3,97,1,409,1
432,10,192,6,447,1
408,4,98,1,416,1
428,10,190,6,443,1
1230,117,433,110,990,0
1320,124,568,120,1425,0
1155,109,434,104,1144,0
1290,121,552,117,1400,0
1220,115,444,110,1160,0
420,4,101,3,432,1
404,3,98,1,411,1
434,10,193,6,449,1
410,4,99,1,418,1
430,10,191,6,445,1
1235,117,435,110,993,0
1325,124,570,121,1430,0
1160,110,436,105,1148,0
1295,121,555,118,1405,0
1225,115,446,110,1164,0
422,4,101,3,434,1
406,3,98,1,413,1
436,10,194,6,451,1
412,4,99,1,420,1
432,10,192,6,447,1
1240,118,437,111,996,0
1330,125,572,121,1435,0
1165,110,438,105,1152,0
1300,122,558,118,1410,0
1230,116,448,111,1168,0
424,4,102,3,436,1
408,3,99,1,415,1
438,10,195,6,453,1
414,4,100,1,422,1
434,10,193,6,449,1
1245,118,439,111,999,0
1335,125,575,122,1440,0
1170,111,440,106,1156,0
1305,122,560,119,1415,0
1235,116,450,111,1172,0
426,4,102,3,438,1
410,3,99,1,417,1
440,10,196,6,455,1
416,4,100,1,424,1
436,10,194,6,451,1
1250,119,441,112,1002,0
1340,126,578,122,1445,0
1175,111,442,106,1160,0
1310,123,562,119,1420,0
1240,117,452,112,1176,0
428,4,103,3,440,1
412,3,100,1,419,1
442,10,197,6,457,1
418,4,101,1,426,1
438,10,195,6,453,1
1255,119,443,112,1005,0
1345,126,580,123,1450,0
1180,112,444,107,1164,0
1315,123,565,120,1425,0
1245,117,454,112,1180,0
430,4,103,3,442,1
414,3,100,1,421,1
444,10,198,6,459,1
420,4,101,1,428,1
440,10,196,6,455,1
1260,120,445,113,1008,0
1350,127,582,123,1455,0
1185,112,446,107,1168,0
1320,124,568,120,1430,0
1250,118,456,113,1184,0
432,4,104,3,444,1
416,3,101,1,423,1
446,10,199,6,461,1
422,4,102,1,430,1
442,10,197,6,457,1
1265,120,447,113,1011,0
1355,127,585,124,1460,0
1190,113,448,108,1172,0
1325,124,570,121,1435,0
1255,118,458,113,1188,0
434,4,104,3,446,1
418,3,101,1,425,1
448,10,200,6,463,1
424,4,102,1,432,1
444,10,198,6,459,1
1270,121,449,114,1014,0
1360,128,588,124,1465,0
1195,113,450,108,1176,0
1330,125,572,121,1440,0
1260,119,460,114,1192,0
436,4,105,3,448,1
420,3,102,1,427,1
450,10,201,6,465,1
426,4,103,1,434,1
446,10,199,6,461,1
1275,121,451,114,1017,0
1365,128,590,125,1470,0
1200,114,452,109,1180,0
1335,125,575,122,1445,0
1265,119,462,114,1196,0
438,4,105,3,450,1
422,3,102,1,429,1
452,10,202,6,467,1
428,4,103,1,436,1
448,10,200,6,463,1
1280,122,453,115,1020,0
1370,129,592,125,1475,0
1205,114,454,109,1184,0
1340,126,578,122,1450,0
1270,120,464,115,1200,0
440,4,106,3,452,1
424,3,103,1,431,1
454,10,203,6,469,1
430,4,104,1,438,1
450,10,201,6,465,1
1285,122,455,115,1023,0
1375,129,595,126,1480,0
1210,115,456,110,1188,0
1345,126,580,123,1455,0
1275,120,466,115,1204,0
442,4,106,3,454,1
426,3,103,1,433,1
456,10,204,6,471,1
432,4,104,1,440,1
452,10,202,6,467,1
1290,123,457,116,1026,0
1380,130,598,126,1485,0
1215,115,458,110,1192,0
1350,127,582,123,1460,0
1280,121,468,116,1208,0
444,4,107,3,456,1
428,3,104,1,435,1
458,10,205,6,473,1
434,4,105,1,442,1
454,10,203,6,469,1
1295,123,459,116,1029,0
1385,130,600,127,1490,0
1220,116,460,111,1196,0
1355,127,585,124,1465,0
1285,121,470,116,1212,0
446,4,107,3,458,1
430,3,104,1,437,1
460,10,206,6,475,1
436,4,105,1,444,1
456,10,204,6,471,1
1300,124,461,117,1032,0
1390,131,602,127,1495,0
1225,116,462,111,1200,0
1360,128,588,124,1470,0
1290,122,472,117,1216,0
448,4,108,3,460,1
432,3,105,1,439,1
462,10,207,6,477,1
438,4,106,1,446,1
458,10,205,6,473,1
1305,124,463,117,1035,0
1395,131,605,128,1500,0
1230,117,464,112,1204,0
1365,128,590,125,1475,0
1295,122,474,117,1220,0
450,4,108,3,462,1
434,3,105,1,441,1
464,10,208,6,479,1
440,4,106,1,448,1
460,10,206,6,475,1
1310,125,465,118,1038,0
1400,132,608,128,1505,0
1235,117,466,112,1208,0
1370,129,592,125,1480,0
1300,123,476,118,1224,0
452,4,109,3,464,1
436,3,106,1,443,1
466,10,209,6,481,1
442,4,107,1,450,1
462,10,207,6,477,1
1315,125,467,118,1041,0
1405,132,610,129,1510,0
1240,118,468,113,1212,0
1375,129,595,126,1485,0
1305,123,478,118,1228,0
454,4,109,3,466,1
438,3,106,1,445,1
468,10,210,6,483,1
444,4,107,1,452,1
464,10,208,6,479,1
1320,126,469,119,1044,0
1410,133,612,129,1515,0
1245,118,470,113,1216,0
1380,130,598,126,1490,0
1310,124,480,119,1232,0
456,4,110,3,468,1
440,3,107,1,447,1
470,10,211,6,485,1
446,4,108,1,454,1
466,10,209,6,481,1
1325,126,471,119,1047,0
1415,133,615,130,1520,0
1250,119,472,114,1220,0
1385,130,600,127,1495,0
1315,124,482,119,1236,0
458,4,110,3,470,1
442,3,107,1,449,1
472,10,212,6,487,1
448,4,108,1,456,1
468,10,210,6,483,1
1330,127,473,120,1050,0
1420,134,618,130,1525,0
1255,119,474,114,1224,0
1390,131,602,127,1500,0
1320,125,484,120,1240,0
460,4,111,3,472,1
444,3,108,1,451,1
474,10,213,6,489,1
450,4,109,1,458,1
470,10,211,6,485,1
1335,127,475,120,1053,0
1425,134,620,131,1530,0
1260,120,476,115,1228,0
1395,131,605,128,1505,0
1325,125,486,120,1244,0
462,4,111,3,474,1
446,3,108,1,453,1
476,10,214,6,491,1
452,4,109,1,460,1
472,10,212,6,487,1
1340,128,477,121,1056,0
1430,135,622,131,1535,0
1265,120,478,115,1232,0
1400,132,608,128,1510,0
1330,126,488,121,1248,0
464,4,112,3,476,1
448,3,109,1,455,1
478,10,215,6,493,1
454,4,110,1,462,1
474,10,213,6,489,1
1345,128,479,121,1059,0
1435,135,625,132,1540,0
1270,121,480,116,1236,0
1405,132,610,129,1515,0
1335,126,490,121,1252,0
466,4,112,3,478,1
450,3,109,1,457,1
480,10,216,6,495,1
456,4,110,1,464,1
476,10,214,6,491,1
1350,129,481,122,1062,0
1440,136,628,132,1545,0
1275,121,482,116,1240,0
1410,133,612,129,1520,0
1340,127,492,122,1256,0
468,4,113,3,480,1
452,3,110,1,459,1
482,10,217,6,497,1
458,4,111,1,466,1
478,10,215,6,493,1
1355,129,483,122,1065,0
1445,136,630,133,1550,0
1280,122,484,117,1244,0
1415,133,615,130,1525,0
1345,127,494,122,1260,0
470,4,113,3,482,1
454,3,110,1,461,1
484,10,218,6,499,1
460,4,111,1,468,1
480,10,216,6,495,1
1360,130,485,123,1068,0
1450,137,632,133,1555,0
1285,122,486,117,1248,0
1420,134,618,130,1530,0
1350,128,496,123,1264,0
472,4,114,3,484,1
456,3,111,1,463,1
486,10,219,6,501,1
462,4,112,1,470,1
482,10,217,6,497,1
1365,130,487,123,1071,0
1455,137,635,134,1560,0
1290,123,488,118,1252,0
1425,134,620,131,1535,0
1355,128,498,123,1268,0
474,4,114,3,486,1
458,3,111,1,465,1
488,10,220,6,503,1
464,4,112,1,472,1
484,10,218,6,499,1
1370,131,489,124,1074,0
1460,138,638,134,1565,0
1295,123,490,118,1256,0
1430,135,622,131,1540,0
1360,129,500,124,1272,0
476,4,115,3,488,1
460,3,112,1,467,1
490,10,221,6,505,1
466,4,113,1,474,1
486,10,219,6,501,1
1375,131,491,124,1077,0
1465,138,640,135,1570,0
1300,124,492,119,1260,0
1435,135,625,132,1545,0
1365,129,502,124,1276,0
478,4,115,3,490,1
462,3,112,1,469,1
492,10,222,6,507,1
468,4,113,1,476,1
488,10,220,6,503,1
1380,132,493,125,1080,0
1470,139,642,135,1575,0
1305,124,494,119,1264,0
1440,136,628,132,1550,0
1370,130,504,125,1280,0
480,4,116,3,492,1
464,3,113,1,471,1
494,10,223,6,509,1
470,4,114,1,478,1
490,10,221,6,505,1
1385,132,495,125,1083,0
1475,139,645,136,1580,0
1310,125,496,120,1268,0
1445,136,630,133,1555,0
1375,130,506,125,1284,0
482,4,116,3,494,1
466,3,113,1,473,1
496,10,224,6,511,1
472,4,114,1,480,1
492,10,222,6,507,1
1390,133,497,126,1086,0
1480,140,648,136,1585,0
1315,125,498,120,1272,0
1450,137,632,133,1560,0
1380,131,508,126,1288,0
484,4,117,3,496,1
468,3,114,1,475,1
498,10,225,6,513,1
474,4,115,1,482,1
494,10,223,6,509,1
1395,133,499,126,1089,0
1485,140,650,137,1590,0
1320,126,500,121,1276,0
1455,137,635,134,1565,0
1385,131,510,126,1292,0
486,4,117,3,498,1
470,3,114,1,477,1
500,10,226,6,515,1
476,4,115,1,484,1
496,10,224,6,511,1
1400,134,501,127,1092,0
1490,141,652,137,1595,0
1325,126,502,121,1280,0
1460,138,638,134,1570,0
1390,132,512,127,1296,0
488,4,118,3,500,1
472,3,115,1,479,1
502,10,227,6,517,1
478,4,116,1,486,1
498,10,225,6,513,1
1405,134,503,127,1095,0
1495,141,655,138,1600,0
1330,127,504,122,1284,0
1465,138,640,135,1575,0
1395,132,514,127,1300,0
490,4,118,3,502,1
474,3,115,1,481,1
504,10,228,6,519,1
480,4,116,1,488,1
500,10,226,6,515,1
1410,135,505,128,1098,0
1500,142,658,138,1605,0
1335,127,506,122,1288,0
1470,139,642,135,1580,0
1400,133,516,128,1304,0
492,4,119,3,504,1
476,3,116,1,483,1
506,10,229,6,521,1
482,4,117,1,490,1
502,10,227,6,517,1
1415,135,507,128,1101,0
1505,142,660,139,1610,0
1340,128,508,123,1292,0
1475,139,645,136,1585,0
1405,133,518,128,1308,0
494,4,119,3,506,1
478,3,116,1,485,1
508,10,230,6,523,1
484,4,117,1,492,1
504,10,228,6,519,1
1420,136,509,129,1104,0
1510,143,662,139,1615,0
1345,128,510,123,1296,0
1480,140,648,136,1590,0
1410,134,520,129,1312,0
496,4,120,3,508,1
480,3,117,1,487,1
510,10,231,6,525,1
486,4,118,1,494,1
506,10,229,6,521,1
1425,136,511,129,1107,0
1515,143,665,140,1620,0
1350,129,512,124,1300,0
1485,140,650,137,1595,0
1415,134,522,129,1316,0
498,4,120,3,510,1
482,3,117,1,489,1
512,10,232,6,527,1
488,4,118,1,496,1
508,10,230,6,523,1
1430,137,513,130,1110,0
1520,144,668,140,1625,0
1355,129,514,124,1304,0
1490,141,652,137,1600,0
1420,135,524,130,1320,0
500,4,121,3,512,1
484,3,118,1,491,1
514,10,233,6,529,1
490,4,119,1,498,1
510,10,231,6,525,1
1435,137,515,130,1113,0
1525,144,670,141,1630,0
1360,130,516,125,1308,0
1495,141,655,138,1605,0
1425,135,526,130,1324,0
502,4,121,3,514,1
486,3,118,1,493,1
516,10,234,6,531,1
492,4,119,1,500,1
512,10,232,6,527,1
1440,138,517,131,1116,0
1530,145,672,141,1635,0
1365,130,518,125,1312,0
1500,142,658,138,1610,0
1430,136,528,131,1328,0
504,4,122,3,516,1
488,3,119,1,495,1
518,10,235,6,533,1
494,4,120,1,502,1
514,10,233,6,529,1
1445,138,519,131,1119,0
1535,145,675,142,1640,0
1370,131,520,126,1316,0
1505,142,660,139,1615,0
1435,136,530,131,1332,0
506,4,122,3,518,1
490,3,119,1,497,1
520,10,236,6,535,1
496,4,120,1,504,1
516,10,234,6,531,1
1450,139,521,132,1122,0
1540,146,678,142,1645,0
1375,131,522,126,1320,0
1510,143,662,139,1620,0
1440,137,532,132,1336,0
508,4,123,3,520,1
492,3,120,1,499,1
522,10,237,6,537,1
498,4,121,1,506,1
518,10,235,6,533,1
1455,139,523,132,1125,0
1545,146,680,143,1650,0
1380,132,524,127,1324,0
1515,143,665,140,1625,0
1445,137,534,132,1340,0
510,4,123,3,522,1
494,3,120,1,501,1
524,10,238,6,539,1
500,4,121,1,508,1
520,10,236,6,535,1
1460,140,525,133,1128,0
1550,147,682,143,1655,0
1385,132,526,127,1328,0
1520,144,668,140,1630,0
1450,138,536,133,1344,0
512,4,124,3,524,1
496,3,121,1,503,1
526,10,239,6,541,1
502,4,122,1,510,1
522,10,237,6,537,1
1465,140,527,133,1131,0
1555,147,685,144,1660,0
1390,133,528,128,1332,0
1525,144,670,141,1635,0
1455,138,538,133,1348,0
514,4,124,3,526,1
498,3,121,1,505,1
528,10,240,6,543,1
504,4,122,1,512,1
524,10,238,6,539,1
1470,141,529,134,1134,0
1560,148,688,144,1665,0
1395,133,530,128,1336,0
1530,145,672,141,1640,0
1460,139,540,134,1352,0
516,4,125,3,528,1
500,3,122,1,507,1
530,10,241,6,545,1
506,4,123,1,514,1
526,10,239,6,541,1
1475,141,531,134,1137,0
1565,148,690,145,1670,0
1400,134,532,129,1340,0
1535,145,675,142,1645,0
1465,139,542,134,1356,0
518,4,125,3,530,1
502,3,122,1,509,1
532,10,242,6,547,1
508,4,123,1,516,1
528,10,240,6,543,1
1480,142,533,135,1140,0
1570,149,692,145,1675,0
1405,134,534,129,1344,0
1540,146,678,142,1650,0
1470,140,544,135,1360,0
520,4,126,3,532,1
504,3,123,1,511,1
534,10,243,6,549,1
510,4,124,1,518,1
530,10,241,6,545,1
1485,142,535,135,1143,0
1575,149,695,146,1680,0
1410,135,536,130,1348,0
1545,146,680,143,1655,0
1475,140,546,135,1364,0
522,4,126,3,534,1
506,3,123,1,513,1
536,10,244,6,551,1
512,4,124,1,520,1
532,10,242,6,547,1
1490,143,537,136,1146,0
1580,150,698,146,1685,0
1415,135,538,130,1352,0
1550,147,682,143,1660,0
1480,141,548,136,1368,0
524,4,127,3,536,1
508,3,124,1,515,1
538,10,245,6,553,1
514,4,125,1,522,1
534,10,243,6,549,1
1495,143,539,136,1149,0
1585,150,700,147,1690,0
1420,136,540,131,1356,0
1555,147,685,144,1665,0
1485,141,550,136,1372,0
526,4,127,3,538,1
510,3,124,1,517,1
540,10,246,6,555,1
516,4,125,1,524,1
536,10,244,6,551,1
1500,144,541,137,1152,0
1590,151,702,147,1695,0
1425,136,542,131,1360,0
1560,148,688,144,1670,0
1490,142,552,137,1376,0
528,4,128,3,540,1
512,3,125,1,519,1
542,10,247,6,557,1
518,4,126,1,526,1
538,10,245,6,553,1
1505,144,543,137,1155,0
1595,151,705,148,1700,0
1430,137,544,132,1364,0
1565,148,690,145,1675,0
1495,142,554,137,1380,0
530,4,128,3,542,1
514,3,125,1,521,1
544,10,248,6,559,1
520,4,126,1,528,1
540,10,246,6,555,1
1510,145,545,138,1158,0
1600,152,708,148,1705,0
1435,137,546,132,1368,0
1570,149,692,145,1680,0
1500,143,556,138,1384,0
532,4,129,3,544,1
516,3,126,1,523,1
546,10,249,6,561,1
522,4,127,1,530,1
542,10,247,6,557,1
1515,145,547,138,1161,0
1605,152,710,149,1710,0
1440,138,548,133,1372,0
1575,149,695,146,1685,0
1505,143,558,138,1388,0
534,4,129,3,546,1
518,3,126,1,525,1
548,10,250,6,563,1
524,4,127,1,532,1
544,10,248,6,559,1
1520,146,549,139,1164,0
1610,153,712,149,1715,0
1445,138,550,133,1376,0
1580,150,698,146,1690,0
1510,144,560,139,1392,0
536,4,130,3,548,1
520,3,127,1,527,1
550,10,251,6,565,1
526,4,128,1,534,1
546,10,249,6,561,1
1525,146,551,139,1167,0
1615,153,715,150,1720,0
1450,139,552,134,1380,0
1585,150,700,147,1695,0
1515,144,562,139,1396,0
538,4,130,3,550,1
522,3,127,1,529,1
552,10,252,6,567,1
528,4,128,1,536,1
548,10,250,6,563,1
1530,147,553,140,1170,0
1620,154,718,150,1725,0
1455,139,554,134,1384,0
1590,151,702,147,1700,0
1520,145,564,140,1400,0
540,4,131,3,552,1
524,3,128,1,531,1
554,10,253,6,569,1
530,4,129,1,538,1
550,10,251,6,565,1
1535,147,555,140,1173,0
1625,154,720,151,1730,0
1460,140,556,135,1388,0
1595,151,705,148,1705,0
1525,145,566,140,1404,0
542,4,131,3,554,1
526,3,128,1,533,1
556,10,254,6,571,1
532,4,129,1,540,1
552,10,252,6,567,1
1540,148,557,141,1176,0
1630,155,722,151,1735,0
1465,140,558,135,1392,0
1600,152,708,148,1710,0
1530,146,568,141,1408,0
544,4,132,3,556,1
528,3,129,1,535,1
558,10,255,6,573,1
534,4,130,1,542,1
554,10,253,6,569,1
1545,148,559,141,1179,0
1635,155,725,152,1740,0
1470,141,560,136,1396,0
1605,152,710,149,1715,0
1535,146,570,141,1412,0
546,4,132,3,558,1
530,3,129,1,537,1
560,10,256,6,575,1
536,4,130,1,544,1
556,10,254,6,571,1
1550,149,561,142,1182,0
1640,156,728,152,1745,0
1475,141,562,136,1400,0
1610,153,712,149,1720,0
1540,147,572,142,1416,0
548,4,133,3,560,1
532,3,130,1,539,1
562,10,257,6,577,1
538,4,131,1,546,1
558,10,255,6,573,1
1555,149,563,142,1185,0
1645,156,730,153,1750,0
1480,142,564,137,1404,0
1615,153,715,150,1725,0
1545,147,574,142,1420,0
550,4,133,3,562,1
534,3,130,1,541,1
564,10,258,6,579,1
540,4,131,1,548,1
560,10,256,6,575,1
1560,150,565,143,1188,0
1650,157,732,153,1755,0
1485,142,566,137,1408,0
1620,154,718,150,1730,0
1550,148,576,143,1424,0
552,4,134,3,564,1
536,3,131,1,543,1
566,10,259,6,581,1
542,4,132,1,550,1
562,10,257,6,577,1
1565,150,567,143,1191,0
1655,157,735,154,1760,0
1490,143,568,138,1412,0
1625,154,720,151,1735,0
1555,148,578,143,1428,0
554,4,134,3,566,1
538,3,131,1,545,1
568,10,260,6,583,1
544,4,132,1,552,1
564,10,258,6,579,1
1570,151,569,144,1194,0
1660,158,738,154,1765,0
1495,143,570,138,1416,0
1630,155,722,151,1740,0
1560,149,580,144,1432,0
556,4,135,3,568,1
540,3,132,1,547,1
570,10,261,6,585,1
546,4,133,1,554,1
566,10,259,6,581,1
1575,151,571,144,1197,0
1665,158,740,155,1770,0
1500,144,572,139,1420,0
1635,155,725,152,1745,0
1565,149,582,144,1436,0
558,4,135,3,570,1
542,3,132,1,549,1
572,10,262,6,587,1
548,4,133,1,556,1
568,10,260,6,583,1
1580,152,573,145,1200,0
1670,159,742,155,1775,0
1505,144,574,139,1424,0
1640,156,728,152,1750,0
1570,150,584,145,1440,0
560,4,136,3,572,1
544,3,133,1,551,1
574,10,263,6,589,1
550,4,134,1,558,1
570,10,261,6,585,1
1585,152,575,145,1203,0
1675,159,745,156,1780,0
1510,145,576,140,1428,0
1645,156,730,153,1755,0
1575,150,586,145,1444,0
562,4,136,3,574,1
546,3,133,1,553,1
576,10,264,6,591,1
552,4,134,1,560,1
572,10,262,6,587,1
1590,153,577,146,1206,0
1680,160,748,156,1785,0
1515,145,578,140,1432,0
1650,157,732,153,1760,0
1580,151,588,146,1448,0
564,4,137,3,576,1
548,3,134,1,555,1
578,10,265,6,593,1
554,4,135,1,562,1
574,10,263,6,589,1
1595,153,579,146,1209,0
1685,160,750,157,1790,0
1520,146,580,141,1436,0
1655,157,735,154,1765,0
1585,151,590,146,1452,0
566,4,137,3,578,1
550,3,134,1,557,1
580,10,266,6,595,1
556,4,135,1,564,1
576,10,264,6,591,1
1600,154,581,147,1212,0
1690,161,752,157,1795,0
1525,146,582,141,1440,0
1660,158,738,154,1770,0
1590,152,592,147,1456,0
568,4,138,3,580,1
552,3,135,1,559,1
582,10,267,6,597,1
558,4,136,1,566,1
578,10,265,6,593,1
1605,154,583,147,1215,0
1695,161,755,158,1800,0
1530,147,584,142,1444,0
1665,158,740,155,1775,0
1595,152,594,147,1460,0
570,4,138,3,582,1
554,3,135,1,561,1
584,10,268,6,599,1
560,4,136,1,568,1
580,10,266,6,595,1
1610,155,585,148,1218,0
1700,162,758,158,1805,0
1535,147,586,142,1448,0
1670,159,742,155,1780,0
1600,153,596,148,1464,0
572,4,139,3,584,1
556,3,136,1,563,1
586,10,269,6,601,1
562,4,137,1,570,1
582,10,267,6,597,1
1615,155,587,148,1221,0
1705,162,760,159,1810,0
1540,148,588,143,1452,0
1675,159,745,156,1785,0
1605,153,598,148,1468,0
574,4,139,3,586,1
558,3,136,1,565,1
588,10,270,6,603,1
564,4,137,1,572,1
584,10,268,6,599,1
1620,156,589,149,1224,0
1710,163,762,159,1815,0
1545,148,590,143,1456,0
1680,160,748,156,1790,0
1610,154,600,149,1472,0
576,4,140,3,588,1
560,3,137,1,567,1
590,10,271,6,605,1
566,4,138,1,574,1
586,10,269,6,601,1
1625,156,591,149,1227,0
1715,163,765,160,1820,0
1550,149,592,144,1460,0
1685,160,750,157,1795,0
1615,154,602,149,1476,0
578,4,140,3,590,1
562,3,137,1,569,1
592,10,272,6,607,1
568,4,138,1,576,1
588,10,270,6,603,1
1630,157,593,150,1230,0
1720,164,768,160,1825,0
1555,149,594,144,1464,0
1690,161,752,157,1800,0
1620,155,604,150,1480,0
580,4,141,3,592,1
564,3,138,1,571,1
594,10,273,6,609,1
570,4,139,1,578,1
590,10,271,6,605,1
1635,157,595,150,1233,0
1725,164,770,161,1830,0
1560,150,596,145,1468,0
1695,161,755,158,1805,0
1625,155,606,150,1484,0
582,4,141,3,594,1
566,3,138,1,573,1
596,10,274,6,611,1
572,4,139,1,580,1
592,10,272,6,607,1
1640,158,597,151,1236,0
1730,165,772,161,1835,0
1565,150,598,145,1472,0
1700,162,758,158,1810,0
1630,156,608,151,1488,0
584,4,142,3,596,1
568,3,139,1,575,1
598,10,275,6,613,1
574,4,140,1,582,1
594,10,273,6,609,1
1645,158,599,151,1239,0
1735,165,775,162,1840,0
1570,151,600,146,1476,0
1705,162,760,159,1815,0
1635,156,610,151,1492,0
586,4,142,3,598,1
570,3,139,1,577,1
600,10,276,6,615,1
576,4,140,1,584,1
596,10,274,6,611,1
1650,159,601,152,1242,0
1740,166,778,162,1845,0
1575,151,602,146,1480,0
1710,163,762,159,1820,0
1640,157,612,152,1496,0
588,4,143,3,600,1
572,3,140,1,579,1
602,10,277,6,617,1
578,4,141,1,586,1
598,10,275,6,613,1
1655,159,603,152,1245,0
1745,166,780,163,1850,0
1580,152,604,147,1484,0
1715,163,765,160,1825,0
1645,157,614,152,1500,0
590,4,143,3,602,1
574,3,140,1,581,1
604,10,278,6,619,1
580,4,141,1,588,1
600,10,276,6,615,1
1660,160,605,153,1248,0
1750,167,782,163,1855,0
1585,152,606,147,1488,0
1720,164,768,160,1830,0
1650,158,616,153,1504,0
592,4,144,3,604,1
576,3,141,1,583,1
606,10,279,6,621,1
582,4,142,1,590,1
602,10,277,6,617,1
1665,160,607,153,1251,0
1755,167,785,164,1860,0
1590,153,608,148,1492,0
1725,164,770,161,1835,0
1655,158,618,153,1508,0
594,4,144,3,606,1
578,3,141,1,585,1
608,10,280,6,623,1
584,4,142,1,592,1
604,10,278,6,619,1
1670,161,609,154,1254,0
1760,168,788,164,1865,0
1595,153,610,148,1496,0
1730,165,772,161,1840,0
1660,159,620,154,1512,0
596,4,145,3,608,1
580,3,142,1,587,1
610,10,281,6,625,1
586,4,143,1,594,1
606,10,279,6,621,1
1675,161,611,154,1257,0
1765,168,790,165,1870,0
1600,154,612,149,1500,0
1735,165,775,162,1845,0
1665,159,622,154,1516,0
598,4,145,3,610,1
582,3,142,1,589,1
612,10,282,6,627,1
588,4,143,1,596,1
608,10,280,6,623,1
1680,162,613,155,1260,0
1770,169,792,165,1875,0
1605,154,614,149,1504,0
1740,166,778,162,1850,0
1670,160,624,155,1520,0
600,4,146,3,612,1
584,3,143,1,591,1
614,10,283,6,629,1
590,4,144,1,598,1
610,10,281,6,625,1
1685,162,615,155,1263,0
1775,169,795,166,1880,0
1610,155,616,150,1508,0
1745,166,780,163,1855,0
1675,160,626,155,1524,0
602,4,146,3,614,1
586,3,143,1,593,1
616,10,284,6,631,1
592,4,144,1,600,1
612,10,282,6,627,1
1690,163,617,156,1266,0
1780,170,798,166,1885,0
1615,155,618,150,1512,0
1750,167,782,163,1860,0
1680,161,628,156,1528,0
604,4,147,3,616,1
588,3,144,1,595,1
618,10,285,6,633,1
594,4,145,1,602,1
614,10,283,6,629,1
1695,163,619,156,1269,0
1785,170,800,167,1890,0
1620,156,620,151,1516,0
1755,167,785,164,1865,0
1685,161,630,156,1532,0
606,4,147,3,618,1
590,3,144,1,597,1
620,10,286,6,635,1
596,4,145,1,604,1
616,10,284,6,631,1
1700,164,621,157,1272,0
1790,171,802,167,1895,0
1625,156,622,151,1520,0
1760,168,788,164,1870,0
1690,162,632,157,1536,0
608,4,148,3,620,1
592,3,145,1,599,1
622,10,287,6,637,1
598,4,146,1,606,1
618,10,285,6,633,1
1705,164,623,157,1275,0
1795,171,805,168,1900,0
1630,157,624,152,1524,0
1765,168,790,165,1875,0
1695,162,634,157,1540,0
610,4,148,3,622,1
594,3,145,1,601,1
624,10,288,6,639,1
600,4,146,1,608,1
620,10,286,6,635,1
1710,165,625,158,1278,0
1800,172,808,168,1905,0
1635,157,626,152,1528,0
1770,169,792,165,1880,0
1700,163,636,158,1544,0
612,4,149,3,624,1
596,3,146,1,603,1
626,10,289,6,641,1
602,4,147,1,610,1
622,10,287,6,637,1
1715,165,627,158,1281,0
1805,172,810,169,1910,0
1640,158,628,153,1532,0
1775,169,795,166,1885,0
1705,163,638,158,1548,0
614,4,149,3,626,1
598,3,146,1,605,1
628,10,290,6,643,1
604,4,147,1,612,1
624,10,288,6,639,1
1720,166,629,159,1284,0
1810,173,812,169,1915,0
1645,158,630,153,1536,0
1780,170,798,166,1890,0
1710,164,640,159,1552,0
616,4,150,3,628,1
600,3,147,1,607,1
630,10,291,6,645,1
606,4,148,1,614,1
626,10,289,6,641,1
1725,166,631,159,1287,0
1815,173,815,170,1920,0
1650,159,632,154,1540,0
1785,170,800,167,1895,0
1715,164,642,159,1556,0
618,4,150,3,630,1
602,3,147,1,609,1
632,10,292,6,647,1
608,4,148,1,616,1
628,10,290,6,643,1
1730,167,633,160,1290,0
1820,174,818,170,1925,0
1655,159,634,154,1544,0
1790,171,802,167,1900,0
1720,165,644,160,1560,0
620,4,151,3,632,1
604,3,148,1,611,1
634,10,293,6,649,1
610,4,149,1,618,1
630,10,291,6,645,1
1735,167,635,160,1293,0
1825,174,820,171,1930,0
1660,160,636,155,1548,0
1795,171,805,168,1905,0
1725,165,646,160,1564,0
622,4,151,3,634,1
606,3,148,1,613,1
636,10,294,6,651,1
612,4,149,1,620,1
632,10,292,6,647,1
1740,168,637,161,1296,0
1830,175,822,171,1935,0
1665,160,638,155,1552,0
1800,172,808,168,1910,0
1730,166,648,161,1568,0
624,4,152,3,636,1
608,3,149,1,615,1
638,10,295,6,653,1
614,4,150,1,622,1
634,10,293,6,649,1
1745,168,639,161,1299,0
1835,175,825,172,1940,0
1670,161,640,156,1556,0
1805,172,810,169,1915,0
1735,166,650,161,1572,0
626,4,152,3,638,1
610,3,149,1,617,1
640,10,296,6,655,1
616,4,150,1,624,1
636,10,294,6,651,1
1750,169,641,162,1302,0
1840,176,828,172,1945,0
1675,161,642,156,1560,0
1810,173,812,169,1920,0
1740,167,652,162,1576,0
628,4,153,3,640,1
612,3,150,1,619,1
642,10,297,6,657,1
618,4,151,1,626,1
638,10,295,6,653,1
1755,169,643,162,1305,0
1845,176,830,173,1950,0
1680,162,644,157,1564,0
1815,173,815,170,1925,0
1745,167,654,162,1580,0
630,4,153,3,642,1
614,3,150,1,621,1
644,10,298,6,659,1
620,4,151,1,628,1
640,10,296,6,655,1
1760,170,645,163,1308,0
1850,177,832,173,1955,0
1685,162,646,157,1568,0
1820,174,818,170,1930,0
1750,168,656,163,1584,0
632,4,154,3,644,1
616,3,151,1,623,1
646,10,299,6,661,1
622,4,152,1,630,1
642,10,297,6,657,1
1765,170,647,163,1311,0
1855,177,835,174,1960,0
1690,163,648,158,1572,0
1825,174,820,171,1935,0
1755,168,658,163,1588,0
634,4,154,3,646,1
618,3,151,1,625,1
648,10,300,6,663,1
624,4,152,1,632,1
644,10,298,6,659,1
1770,171,649,164,1314,0
1860,178,838,174,1965,0
1695,163,650,158,1576,0
1830,175,822,171,1940,0
1760,169,660,164,1592,0
636,4,155,3,648,1
620,3,152,1,627,1
650,10,301,6,665,1
626,4,153,1,634,1
646,10,299,6,661,1
1775,171,651,164,1317,0
1865,178,840,175,1970,0
1700,164,652,159,1580,0
1835,175,825,172,1945,0
1765,169,662,164,1596,0
638,4,155,3,650,1
622,3,152,1,629,1
652,10,302,6,667,1
628,4,153,1,636,1
648,10,300,6,663,1
1780,172,653,165,1320,0
1870,179,842,175,1975,0
1705,164,654,159,1584,0
1840,176,828,172,1950,0
1770,170,664,165,1600,0
640,4,156,3,652,1
624,3,153,1,631,1
654,10,303,6,669,1
630,4,154,1,638,1
650,10,301,6,665,1
1785,172,655,165,1323,0
1875,179,845,176,1980,0
1710,165,656,160,1588,0
1845,176,830,173,1955,0
1775,170,666,165,1604,0
642,4,156,3,654,1
626,3,153,1,633,1
656,10,304,6,671,1
632,4,154,1,640,1
652,10,302,6,667,1
1790,173,657,166,1326,0
1880,180,848,176,1985,0
1715,165,658,160,1592,0
1850,177,832,173,1960,0
1780,171,668,166,1608,0
644,4,157,3,656,1
628,3,154,1,635,1
658,10,305,6,673,1
634,4,155,1,642,1
654,10,303,6,669,1
1795,173,659,166,1329,0
1885,180,850,177,1990,0
1720,166,660,161,1596,0
1855,177,835,174,1965,0
1785,171,670,166,1612,0
646,4,157,3,658,1
630,3,154,1,637,1
660,10,306,6,675,1
636,4,155,1,644,1
656,10,304,6,671,1
1800,174,661,167,1332,0
1890,181,852,177,1995,0
1725,166,662,161,1600,0
1860,178,838,174,1970,0
1790,172,672,167,1616,0
648,4,158,3,660,1
632,3,155,1,639,1
662,10,307,6,677,1
638,4,156,1,646,1
658,10,305,6,673,1
1805,174,663,167,1335,0
1895,181,855,178,2000,0
1730,167,664,162,1604,0
1865,178,840,175,1975,0
1795,172,674,167,1620,0
650,4,158,3,662,1
634,3,155,1,641,1
664,10,308,6,679,1
640,4,156,1,648,1
660,10,306,6,675,1
1810,175,665,168,1338,0
1900,182,858,178,2005,0
1735,167,666,162,1608,0
1870,179,842,175,1980,0
1800,173,676,168,1624,0
652,4,159,3,664,1
636,3,156,1,643,1
666,10,309,6,681,1
642,4,157,1,650,1
662,10,307,6,677,1
1815,175,667,168,1341,0
1905,182,860,179,2010,0
1740,168,668,163,1612,0
1875,179,845,176,1985,0
1805,173,678,168,1628,0
654,4,159,3,666,1
638,3,156,1,645,1
668,10,310,6,683,1
644,4,157,1,652,1
664,10,308,6,679,1
1820,176,669,169,1344,0
1910,183,862,179,2015,0
1745,168,670,163,1616,0
1880,180,848,176,1990,0
1810,174,680,169,1632,0
656,4,160,3,668,1
640,3,157,1,647,1
670,10,311,6,685,1
646,4,158,1,654,1
666,10,309,6,681,1
1825,176,671,169,1347,0
1915,183,865,180,2020,0
1750,169,672,164,1620,0
1885,180,850,177,1995,0
1815,174,682,169,1636,0
658,4,160,3,670,1
642,3,157,1,649,1
672,10,312,6,687,1
648,4,158,1,656,1
668,10,310,6,683,1
1830,177,673,170,1350,0
1920,184,868,180,2025,0
1755,169,674,164,1624,0
1890,181,852,177,2000,0
1820,175,684,170,1640,0
660,4,161,3,672,1
644,3,158,1,651,1
674,10,313,6,689,1
650,4,159,1,658,1
670,10,311,6,685,1
1835,177,675,170,1353,0
1925,184,870,181,2030,0
1760,170,676,165,1628,0
1895,181,855,178,2005,0
1825,175,686,170,1644,0
662,4,161,3,674,1
646,3,158,1,653,1
676,10,314,6,691,1
652,4,159,1,660,1
672,10,312,6,687,1
1840,178,677,171,1356,0
1930,185,872,181,2035,0
1765,170,678,165,1632,0
1900,182,858,178,2010,0
1830,176,688,171,1648,0
664,4,162,3,676,1
648,3,159,1,655,1
678,10,315,6,693,1
654,4,160,1,662,1
674,10,313,6,689,1
1845,178,679,171,1359,0
1935,185,875,182,2040,0
1770,171,680,166,1636,0
1905,182,860,179,2015,0
1835,176,690,171,1652,0
666,4,162,3,678,1
650,3,159,1,657,1
680,10,316,6,695,1
656,4,160,1,664,1
676,10,314,6,691,1
1850,179,681,172,1362,0
1940,186,878,182,2045,0
1775,171,682,166,1640,0
1910,183,862,179,2020,0
1840,177,692,172,1656,0
668,4,163,3,680,1
652,3,160,1,659,1
682,10,317,6,697,1
658,4,161,1,666,1
678,10,315,6,693,1
1855,179,683,172,1365,0
1945,186,880,183,2050,0
1780,172,684,167,1644,0
1915,183,865,180,2025,0
1845,177,694,172,1660,0
670,4,163,3,682,1
654,3,160,1,661,1
684,10,318,6,699,1
660,4,161,1,668,1
680,10,316,6,695,1
1860,180,685,173,1368,0
1950,187,882,183,2055,0
1785,172,686,167,1648,0
1920,184,868,180,2030,0
1850,178,696,173,1664,0
672,4,164,3,684,1
656,3,161,1,663,1
686,10,319,6,701,1
662,4,162,1,670,1
682,10,317,6,697,1
1865,180,687,173,1371,0
1955,187,885,184,2060,0
1790,173,688,168,1652,0
1925,184,870,181,2035,0
1855,178,698,173,1668,0
674,4,164,3,686,1
658,3,161,1,665,1
688,10,320,6,703,1
664,4,162,1,672,1
684,10,318,6,699,1
1870,181,689,174,1374,0
1960,188,888,184,2065,0
1795,173,690,168,1656,0
1930,185,872,181,2040,0
1860,179,700,174,1672,0
676,4,165,3,688,1
660,3,162,1,667,1
690,10,321,6,705,1
666,4,163,1,674,1
686,10,319,6,701,1
1875,181,691,174,1377,0
1965,188,890,185,2070,0
1800,174,692,169,1660,0
1935,185,875,182,2045,0
1865,179,702,174,1676,0
678,4,165,3,690,1
662,3,162,1,669,1
692,10,322,6,707,1
668,4,163,1,676,1
688,10,320,6,703,1
1880,182,693,175,1380,0
1970,189,892,185,2075,0
1805,174,694,169,1664,0
1940,186,878,182,2050,0
1870,180,704,175,1680,0
680,4,166,3,692,1
664,3,163,1,671,1
694,10,323,6,709,1
670,4,164,1,678,1
690,10,321,6,705,1
1885,182,695,175,1383,0
1975,189,895,186,2080,0
1810,175,696,170,1668,0
1945,186,880,183,2055,0
1875,180,706,175,1684,0
682,4,166,3,694,1
666,3,163,1,673,1
696,10,324,6,711,1
672,4,164,1,680,1
692,10,322,6,707,1
1890,183,697,176,1386,0
1980,190,898,186,2085,0
1815,175,698,170,1672,0
1950,187,882,183,2060,0
1880,181,708,176,1688,0
684,4,167,3,696,1
668,3,164,1,675,1
698,10,325,6,713,1
674,4,165,1,682,1
694,10,323,6,709,1
1895,183,699,176,1389,0
1985,190,900,187,2090,0
1820,176,700,171,1676,0
1955,187,885,184,2065,0
1885,181,710,176,1692,0
686,4,167,3,698,1
670,3,164,1,677,1
700,10,326,6,715,1
676,4,165,1,684,1
696,10,324,6,711,1
1900,184,701,177,1392,0
1990,191,902,187,2095,0
1825,176,702,171,1680,0
1960,188,888,184,2070,0
1890,182,712,177,1696,0
688,4,168,3,700,1
672,3,165,1,679,1
702,10,327,6,717,1
678,4,166,1,686,1
698,10,325,6,713,1
1905,184,703,177,1395,0
1995,191,905,188,2100,0
1830,177,704,172,1684,0
1965,188,890,185,2075,0
1895,182,714,177,1700,0
690,4,168,3,702,1
674,3,165,1,681,1
704,10,328,6,719,1
680,4,166,1,688,1
700,10,326,6,715,1
1910,185,705,178,1398,0
2000,192,908,188,2105,0
1835,177,706,172,1688,0
1970,189,892,185,2080,0
1900,183,716,178,1704,0
692,4,169,3,704,1
676,3,166,1,683,1
706,10,329,6,721,1
682,4,167,1,690,1
702,10,327,6,717,1
1915,185,707,178,1401,0
2005,192,910,189,2110,0
1840,178,708,173,1692,0
1975,189,895,186,2085,0
1905,183,718,178,1708,0
694,4,169,3,706,1
678,3,166,1,685,1
708,10,330,6,723,1
684,4,167,1,692,1
704,10,328,6,719,1
1920,186,709,179,1404,0
2010,193,912,189,2115,0
1845,178,710,173,1696,0
1980,190,898,186,2090,0
1910,184,720,179,1712,0
696,4,170,3,708,1
680,3,167,1,687,1
710,10,331,6,725,1
686,4,168,1,694,1
706,10,329,6,721,1
1925,186,711,179,1407,0
2015,193,915,190,2120,0
1850,179,712,174,1700,0
1985,190,900,187,2095,0
1915,184,722,179,1716,0
698,4,170,3,710,1
682,3,167,1,689,1
712,10,332,6,727,1
688,4,168,1,696,1
708,10,330,6,723,1
1930,187,713,180,1410,0
2020,194,918,190,2125,0
1855,179,714,174,1704,0
1990,191,902,187,2100,0
1920,185,724,180,1720,0
700,4,171,3,712,1
684,3,168,1,691,1
714,10,333,6,729,1
690,4,169,1,698,1
710,10,331,6,725,1
1935,187,715,180,1413,0
2025,194,920,191,2130,0
1860,180,716,175,1708,0
1995,191,905,188,2105,0
1925,185,726,180,1724,0
702,4,171,3,714,1
686,3,168,1,693,1
716,10,334,6,731,1
692,4,169,1,700,1
712,10,332,6,727,1
1940,188,717,181,1416,0
2030,195,922,191,2135,0
1865,180,718,175,1712,0
2000,192,908,188,2110,0
1930,186,728,181,1728,0
704,4,172,3,716,1
688,3,169,1,695,1
718,10,335,6,733,1
694,4,170,1,702,1
714,10,333,6,729,1
1945,188,719,181,1419,0
2035,195,925,192,2140,0
1870,181,720,176,1716,0
2005,192,910,189,2115,0
1935,186,730,181,1732,0
706,4,172,3,718,1
690,3,169,1,697,1
720,10,336,6,735,1
696,4,170,1,704,1
716,10,334,6,731,1
1950,189,721,182,1422,0
2040,196,928,192,2145,0
1875,181,722,176,1720,0
2010,193,912,189,2120,0
1940,187,732,182,1736,0
708,4,173,3,720,1
692,3,170,1,699,1
722,10,337,6,737,1
698,4,171,1,706,1
718,10,335,6,733,1
1955,189,723,182,1425,0
2045,196,930,193,2150,0
1880,182,724,177,1724,0
2015,193,915,190,2125,0
1945,187,734,182,1740,0
710,4,173,3,722,1
694,3,170,1,701,1
724,10,338,6,739,1
700,4,171,1,708,1
720,10,336,6,735,1
1960,190,725,183,1428,0
2050,197,932,193,2155,0
1885,182,726,177,1728,0
2020,194,918,190,2130,0
1950,188,736,183,1744,0
712,4,174,3,724,1
696,3,171,1,703,1
726,10,339,6,741,1
702,4,172,1,710,1
722,10,337,6,737,1
1965,190,727,183,1431,0
2055,197,935,194,2160,0
1890,183,728,178,1732,0
2025,194,920,191,2135,0
1955,188,738,183,1748,0
714,4,174,3,726,1
698,3,171,1,705,1
728,10,340,6,743,1
704,4,172,1,712,1
724,10,338,6,739,1
1970,191,729,184,1434,0
2060,198,938,194,2165,0
1895,183,730,178,1736,0
2030,195,922,191,2140,0
1960,189,740,184,1752,0
716,4,175,3,728,1
700,3,172,1,707,1
730,10,341,6,745,1
706,4,173,1,714,1
726,10,339,6,741,1
1975,191,731,184,1437,0
2065,198,940,195,2170,0
1900,184,732,179,1740,0
2035,195,925,192,2145,0
1965,189,742,184,1756,0
718,4,175,3,730,1
702,3,172,1,709,1
732,10,342,6,747,1
708,4,173,1,716,1
728,10,340,6,743,1
1980,192,733,185,1440,0
2070,199,942,195,2175,0
1905,184,734,179,1744,0
2040,196,928,192,2150,0
1970,190,744,185,1760,0
720,4,176,3,732,1
704,3,173,1,711,1
734,10,343,6,749,1
710,4,174,1,718,1
730,10,341,6,745,1
1985,192,735,185,1443,0
2075,199,945,196,2180,0
1910,185,736,180,1748,0
2045,196,930,193,2155,0
1975,190,746,185,1764,0
722,4,176,3,734,1
706,3,173,1,713,1
736,10,344,6,751,1
712,4,174,1,720,1
732,10,342,6,747,1
1990,193,737,186,1446,0
2080,200,948,196,2185,0
1915,185,738,180,1752,0
2050,197,932,193,2160,0
1980,191,748,186,1768,0
724,4,177,3,736,1
708,3,174,1,715,1
738,10,345,6,753,1
714,4,175,1,722,1
734,10,343,6,749,1
1995,193,739,186,1449,0
2085,200,950,197,2190,0
1920,186,740,181,1756,0
2055,197,935,194,2165,0
1985,191,750,186,1772,0
726,4,177,3,738,1
710,3,174,1,717,1
740,10,346,6,755,1
716,4,175,1,724,1
736,10,344,6,751,1
2000,194,741,187,1452,0
2090,201,952,197,2195,0
1925,186,742,181,1760,0
2060,198,938,194,2170,0
1990,192,752,187,1776,0
728,4,178,3,740,1
712,3,175,1,719,1
742,10,347,6,757,1
718,4,176,1,726,1
738,10,345,6,753,1
2005,194,743,187,1455,0
2095,201,955,198,2200,0
1930,187,744,182,1764,0
2065,198,940,195,2175,0
1995,192,754,187,1780,0
730,4,178,3,742,1
714,3,175,1,721,1
744,10,348,6,759,1
720,4,176,1,728,1
740,10,346,6,755,1
2010,195,745,188,1458,0
2100,202,958,198,2205,0
1935,187,746,182,1768,0
2070,199,942,195,2180,0
2000,193,756,188,1784,0
732,4,179,3,744,1
716,3,176,1,723,1
746,10,349,6,761,1
722,4,177,1,730,1
742,10,347,6,757,1
2015,195,747,188,1461,0
2105,202,960,199,2210,0
1940,188,748,183,1772,0
2075,199,945,196,2185,0
2005,193,758,188,1788,0
734,4,179,3,746,1
718,3,176,1,725,1
748,10,350,6,763,1
724,4,177,1,732,1
744,10,348,6,759,1
2020,196,749,189,1464,0
2110,203,962,199,2215,0
1945,188,750,183,1776,0
2080,200,948,196,2190,0
2010,194,760,189,1792,0
736,4,180,3,748,1
720,3,177,1,727,1
750,10,351,6,765,1
726,4,178,1,734,1
746,10,349,6,761,1
2025,196,751,189,1467,0
2115,203,965,200,2220,0
1950,189,752,184,1780,0
2085,200,950,197,2195,0
2015,194,762,189,1796,0
738,4,180,3,750,1
